part_id,word,jelly_fish,robot,virus,chimpanzee,human,artificial_intelligence,god,rock,autonomous_car,computer
6136142.0,jelly_fish,,,,,,,,,,
6136142.0,robot,,,,,,,,,,
6136142.0,virus,,,,,,,,,,
6136142.0,chimpanzee,,,,,,,,,,
6136142.0,human,,,,,,,,,,
6136142.0,artificial_intelligence,,,,,,,,,,
6136142.0,god,,,,,,,,,,
6136142.0,rock,,,,,,,,,,
6136142.0,autonomous_car,,,,,,,,,,
6136142.0,computer,,,,,,,,,,
6136145.0,jelly_fish,,,,,,,,,,
6136145.0,robot,,,,,,,,,,
6136145.0,virus,,,,,,,,,,
6136145.0,chimpanzee,,,,,,,,,,
6136145.0,human,,,,,,,,,,
6136145.0,artificial_intelligence,,,,,,,,,,
6136145.0,god,,,,,,,,,,
6136145.0,rock,,,,,,,,,,
6136145.0,autonomous_car,,,,,,,,,,
6136145.0,computer,,,,,,,,,,
6136146.0,jelly_fish,,,,,,,,,,
6136146.0,robot,,,,,,,,,,
6136146.0,virus,,,,,,,,,,
6136146.0,chimpanzee,,,,,,,,,,
6136146.0,human,,,,,,,,,,
6136146.0,artificial_intelligence,,,,,,,,,,
6136146.0,god,,,,,,,,,,
6136146.0,rock,,,,,,,,,,
6136146.0,autonomous_car,,,,,,,,,,
6136146.0,computer,,,,,,,,,,
6136153.0,jelly_fish,,,,,,,,,,
6136153.0,robot,,,,,,,,,,
6136153.0,virus,,,,,,,,,,
6136153.0,chimpanzee,,,,,,,,,,
6136153.0,human,,,,,,,,,,
6136153.0,artificial_intelligence,,,,,,,,,,
6136153.0,god,,,,,,,,,,
6136153.0,rock,,,,,,,,,,
6136153.0,autonomous_car,,,,,,,,,,
6136153.0,computer,,,,,,,,,,
6136151.0,jelly_fish,,,,,,,,,,
6136151.0,robot,,,,,,,,,,
6136151.0,virus,,,,,,,,,,
6136151.0,chimpanzee,,,,,,,,,,
6136151.0,human,,,,,,,,,,
6136151.0,artificial_intelligence,,,,,,,,,,
6136151.0,god,,,,,,,,,,
6136151.0,rock,,,,,,,,,,
6136151.0,autonomous_car,,,,,,,,,,
6136151.0,computer,,,,,,,,,,
6136160.0,jelly_fish,,,,,,,,,,
6136160.0,robot,,,,,,,,,,
6136160.0,virus,,,,,,,,,,
6136160.0,chimpanzee,,,,,,,,,,
6136160.0,human,,,,,,,,,,
6136160.0,artificial_intelligence,,,,,,,,,,
6136160.0,god,,,,,,,,,,
6136160.0,rock,,,,,,,,,,
6136160.0,autonomous_car,,,,,,,,,,
6136160.0,computer,,,,,,,,,,
6136156.0,jelly_fish,,,,,,,,,,
6136156.0,robot,,,,,,,,,,
6136156.0,virus,,,,,,,,,,
6136156.0,chimpanzee,,,,,,,,,,
6136156.0,human,,,,,,,,,,
6136156.0,artificial_intelligence,,,,,,,,,,
6136156.0,god,,,,,,,,,,
6136156.0,rock,,,,,,,,,,
6136156.0,autonomous_car,,,,,,,,,,
6136156.0,computer,,,,,,,,,,
6136158.0,jelly_fish,,,,,,,,,,
6136158.0,robot,,,,,,,,,,
6136158.0,virus,,,,,,,,,,
6136158.0,chimpanzee,,,,,,,,,,
6136158.0,human,,,,,,,,,,
6136158.0,artificial_intelligence,,,,,,,,,,
6136158.0,god,,,,,,,,,,
6136158.0,rock,,,,,,,,,,
6136158.0,autonomous_car,,,,,,,,,,
6136158.0,computer,,,,,,,,,,
6136154.0,jelly_fish,,,,,,,,,,
6136154.0,robot,,,,,,,,,,
6136154.0,virus,,,,,,,,,,
6136154.0,chimpanzee,,,,,,,,,,
6136154.0,human,,,,,,,,,,
6136154.0,artificial_intelligence,,,,,,,,,,
6136154.0,god,,,,,,,,,,
6136154.0,rock,,,,,,,,,,
6136154.0,autonomous_car,,,,,,,,,,
6136154.0,computer,,,,,,,,,,
6136170.0,jelly_fish,,,,,,,,,,
6136170.0,robot,,,,,,,,,,
6136170.0,virus,,,,,,,,,,
6136170.0,chimpanzee,,,,,,,,,,
6136170.0,human,,,,,,,,,,
6136170.0,artificial_intelligence,,,,,,,,,,
6136170.0,god,,,,,,,,,,
6136170.0,rock,,,,,,,,,,
6136170.0,autonomous_car,,,,,,,,,,
6136170.0,computer,,,,,,,,,,
6136164.0,jelly_fish,,,,,,,,,,
6136164.0,robot,,,,,,,,,,
6136164.0,virus,,,,,,,,,,
6136164.0,chimpanzee,,,,,,,,,,
6136164.0,human,,,,,,,,,,
6136164.0,artificial_intelligence,,,,,,,,,,
6136164.0,god,,,,,,,,,,
6136164.0,rock,,,,,,,,,,
6136164.0,autonomous_car,,,,,,,,,,
6136164.0,computer,,,,,,,,,,
6136171.0,jelly_fish,,,,,,,,,,
6136171.0,robot,,,,,,,,,,
6136171.0,virus,,,,,,,,,,
6136171.0,chimpanzee,,,,,,,,,,
6136171.0,human,,,,,,,,,,
6136171.0,artificial_intelligence,,,,,,,,,,
6136171.0,god,,,,,,,,,,
6136171.0,rock,,,,,,,,,,
6136171.0,autonomous_car,,,,,,,,,,
6136171.0,computer,,,,,,,,,,
6136148.0,jelly_fish,,,,,,,,,,
6136148.0,robot,,,,,,,,,,
6136148.0,virus,,,,,,,,,,
6136148.0,chimpanzee,,,,,,,,,,
6136148.0,human,,,,,,,,,,
6136148.0,artificial_intelligence,,,,,,,,,,
6136148.0,god,,,,,,,,,,
6136148.0,rock,,,,,,,,,,
6136148.0,autonomous_car,,,,,,,,,,
6136148.0,computer,,,,,,,,,,
6136168.0,jelly_fish,,,,,,,,,,
6136168.0,robot,,,,,,,,,,
6136168.0,virus,,,,,,,,,,
6136168.0,chimpanzee,,,,,,,,,,
6136168.0,human,,,,,,,,,,
6136168.0,artificial_intelligence,,,,,,,,,,
6136168.0,god,,,,,,,,,,
6136168.0,rock,,,,,,,,,,
6136168.0,autonomous_car,,,,,,,,,,
6136168.0,computer,,,,,,,,,,
6136173.0,jelly_fish,,,,,,,,,,
6136173.0,robot,,,,,,,,,,
6136173.0,virus,,,,,,,,,,
6136173.0,chimpanzee,,,,,,,,,,
6136173.0,human,,,,,,,,,,
6136173.0,artificial_intelligence,,,,,,,,,,
6136173.0,god,,,,,,,,,,
6136173.0,rock,,,,,,,,,,
6136173.0,autonomous_car,,,,,,,,,,
6136173.0,computer,,,,,,,,,,
6136165.0,jelly_fish,,,,,,,,,,
6136165.0,robot,,,,,,,,,,
6136165.0,virus,,,,,,,,,,
6136165.0,chimpanzee,,,,,,,,,,
6136165.0,human,,,,,,,,,,
6136165.0,artificial_intelligence,,,,,,,,,,
6136165.0,god,,,,,,,,,,
6136165.0,rock,,,,,,,,,,
6136165.0,autonomous_car,,,,,,,,,,
6136165.0,computer,,,,,,,,,,
6136167.0,jelly_fish,,,,,,,,,,
6136167.0,robot,,,,,,,,,,
6136167.0,virus,,,,,,,,,,
6136167.0,chimpanzee,,,,,,,,,,
6136167.0,human,,,,,,,,,,
6136167.0,artificial_intelligence,,,,,,,,,,
6136167.0,god,,,,,,,,,,
6136167.0,rock,,,,,,,,,,
6136167.0,autonomous_car,,,,,,,,,,
6136167.0,computer,,,,,,,,,,
6136183.0,jelly_fish,,,,,,,,,,
6136183.0,robot,,,,,,,,,,
6136183.0,virus,,,,,,,,,,
6136183.0,chimpanzee,,,,,,,,,,
6136183.0,human,,,,,,,,,,
6136183.0,artificial_intelligence,,,,,,,,,,
6136183.0,god,,,,,,,,,,
6136183.0,rock,,,,,,,,,,
6136183.0,autonomous_car,,,,,,,,,,
6136183.0,computer,,,,,,,,,,
6136177.0,jelly_fish,,,,,,,,,,
6136177.0,robot,,,,,,,,,,
6136177.0,virus,,,,,,,,,,
6136177.0,chimpanzee,,,,,,,,,,
6136177.0,human,,,,,,,,,,
6136177.0,artificial_intelligence,,,,,,,,,,
6136177.0,god,,,,,,,,,,
6136177.0,rock,,,,,,,,,,
6136177.0,autonomous_car,,,,,,,,,,
6136177.0,computer,,,,,,,,,,
6136162.0,jelly_fish,,,,,,,,,,
6136162.0,robot,,,,,,,,,,
6136162.0,virus,,,,,,,,,,
6136162.0,chimpanzee,,,,,,,,,,
6136162.0,human,,,,,,,,,,
6136162.0,artificial_intelligence,,,,,,,,,,
6136162.0,god,,,,,,,,,,
6136162.0,rock,,,,,,,,,,
6136162.0,autonomous_car,,,,,,,,,,
6136162.0,computer,,,,,,,,,,
6136188.0,jelly_fish,,,,,,,,,,
6136188.0,robot,,,,,,,,,,
6136188.0,virus,,,,,,,,,,
6136188.0,chimpanzee,,,,,,,,,,
6136188.0,human,,,,,,,,,,
6136188.0,artificial_intelligence,,,,,,,,,,
6136188.0,god,,,,,,,,,,
6136188.0,rock,,,,,,,,,,
6136188.0,autonomous_car,,,,,,,,,,
6136188.0,computer,,,,,,,,,,
6136189.0,jelly_fish,,,,,,,,,,
6136189.0,robot,,,,,,,,,,
6136189.0,virus,,,,,,,,,,
6136189.0,chimpanzee,,,,,,,,,,
6136189.0,human,,,,,,,,,,
6136189.0,artificial_intelligence,,,,,,,,,,
6136189.0,god,,,,,,,,,,
6136189.0,rock,,,,,,,,,,
6136189.0,autonomous_car,,,,,,,,,,
6136189.0,computer,,,,,,,,,,
6136182.0,jelly_fish,,,,,,,,,,
6136182.0,robot,,,,,,,,,,
6136182.0,virus,,,,,,,,,,
6136182.0,chimpanzee,,,,,,,,,,
6136182.0,human,,,,,,,,,,
6136182.0,artificial_intelligence,,,,,,,,,,
6136182.0,god,,,,,,,,,,
6136182.0,rock,,,,,,,,,,
6136182.0,autonomous_car,,,,,,,,,,
6136182.0,computer,,,,,,,,,,
6136178.0,jelly_fish,,,,,,,,,,
6136178.0,robot,,,,,,,,,,
6136178.0,virus,,,,,,,,,,
6136178.0,chimpanzee,,,,,,,,,,
6136178.0,human,,,,,,,,,,
6136178.0,artificial_intelligence,,,,,,,,,,
6136178.0,god,,,,,,,,,,
6136178.0,rock,,,,,,,,,,
6136178.0,autonomous_car,,,,,,,,,,
6136178.0,computer,,,,,,,,,,
6136199.0,jelly_fish,,,,,,,,,,
6136199.0,robot,,,,,,,,,,
6136199.0,virus,,,,,,,,,,
6136199.0,chimpanzee,,,,,,,,,,
6136199.0,human,,,,,,,,,,
6136199.0,artificial_intelligence,,,,,,,,,,
6136199.0,god,,,,,,,,,,
6136199.0,rock,,,,,,,,,,
6136199.0,autonomous_car,,,,,,,,,,
6136199.0,computer,,,,,,,,,,
6136197.0,jelly_fish,,,,,,,,,,
6136197.0,robot,,,,,,,,,,
6136197.0,virus,,,,,,,,,,
6136197.0,chimpanzee,,,,,,,,,,
6136197.0,human,,,,,,,,,,
6136197.0,artificial_intelligence,,,,,,,,,,
6136197.0,god,,,,,,,,,,
6136197.0,rock,,,,,,,,,,
6136197.0,autonomous_car,,,,,,,,,,
6136197.0,computer,,,,,,,,,,
6136187.0,jelly_fish,,,,,,,,,,
6136187.0,robot,,,,,,,,,,
6136187.0,virus,,,,,,,,,,
6136187.0,chimpanzee,,,,,,,,,,
6136187.0,human,,,,,,,,,,
6136187.0,artificial_intelligence,,,,,,,,,,
6136187.0,god,,,,,,,,,,
6136187.0,rock,,,,,,,,,,
6136187.0,autonomous_car,,,,,,,,,,
6136187.0,computer,,,,,,,,,,
6136193.0,jelly_fish,,,,,,,,,,
6136193.0,robot,,,,,,,,,,
6136193.0,virus,,,,,,,,,,
6136193.0,chimpanzee,,,,,,,,,,
6136193.0,human,,,,,,,,,,
6136193.0,artificial_intelligence,,,,,,,,,,
6136193.0,god,,,,,,,,,,
6136193.0,rock,,,,,,,,,,
6136193.0,autonomous_car,,,,,,,,,,
6136193.0,computer,,,,,,,,,,
6136186.0,jelly_fish,,,,,,,,,,
6136186.0,robot,,,,,,,,,,
6136186.0,virus,,,,,,,,,,
6136186.0,chimpanzee,,,,,,,,,,
6136186.0,human,,,,,,,,,,
6136186.0,artificial_intelligence,,,,,,,,,,
6136186.0,god,,,,,,,,,,
6136186.0,rock,,,,,,,,,,
6136186.0,autonomous_car,,,,,,,,,,
6136186.0,computer,,,,,,,,,,
6136196.0,jelly_fish,,,,,,,,,,
6136196.0,robot,,,,,,,,,,
6136196.0,virus,,,,,,,,,,
6136196.0,chimpanzee,,,,,,,,,,
6136196.0,human,,,,,,,,,,
6136196.0,artificial_intelligence,,,,,,,,,,
6136196.0,god,,,,,,,,,,
6136196.0,rock,,,,,,,,,,
6136196.0,autonomous_car,,,,,,,,,,
6136196.0,computer,,,,,,,,,,
6136190.0,jelly_fish,,,,,,,,,,
6136190.0,robot,,,,,,,,,,
6136190.0,virus,,,,,,,,,,
6136190.0,chimpanzee,,,,,,,,,,
6136190.0,human,,,,,,,,,,
6136190.0,artificial_intelligence,,,,,,,,,,
6136190.0,god,,,,,,,,,,
6136190.0,rock,,,,,,,,,,
6136190.0,autonomous_car,,,,,,,,,,
6136190.0,computer,,,,,,,,,,
6136201.0,jelly_fish,,,,,,,,,,
6136201.0,robot,,,,,,,,,,
6136201.0,virus,,,,,,,,,,
6136201.0,chimpanzee,,,,,,,,,,
6136201.0,human,,,,,,,,,,
6136201.0,artificial_intelligence,,,,,,,,,,
6136201.0,god,,,,,,,,,,
6136201.0,rock,,,,,,,,,,
6136201.0,autonomous_car,,,,,,,,,,
6136201.0,computer,,,,,,,,,,
6136195.0,jelly_fish,,,,,,,,,,
6136195.0,robot,,,,,,,,,,
6136195.0,virus,,,,,,,,,,
6136195.0,chimpanzee,,,,,,,,,,
6136195.0,human,,,,,,,,,,
6136195.0,artificial_intelligence,,,,,,,,,,
6136195.0,god,,,,,,,,,,
6136195.0,rock,,,,,,,,,,
6136195.0,autonomous_car,,,,,,,,,,
6136195.0,computer,,,,,,,,,,
6136192.0,jelly_fish,,,,,,,,,,
6136192.0,robot,,,,,,,,,,
6136192.0,virus,,,,,,,,,,
6136192.0,chimpanzee,,,,,,,,,,
6136192.0,human,,,,,,,,,,
6136192.0,artificial_intelligence,,,,,,,,,,
6136192.0,god,,,,,,,,,,
6136192.0,rock,,,,,,,,,,
6136192.0,autonomous_car,,,,,,,,,,
6136192.0,computer,,,,,,,,,,
6136179.0,jelly_fish,,,,,,,,,,
6136179.0,robot,,,,,,,,,,
6136179.0,virus,,,,,,,,,,
6136179.0,chimpanzee,,,,,,,,,,
6136179.0,human,,,,,,,,,,
6136179.0,artificial_intelligence,,,,,,,,,,
6136179.0,god,,,,,,,,,,
6136179.0,rock,,,,,,,,,,
6136179.0,autonomous_car,,,,,,,,,,
6136179.0,computer,,,,,,,,,,
6136202.0,jelly_fish,,,,,,,,,,
6136202.0,robot,,,,,,,,,,
6136202.0,virus,,,,,,,,,,
6136202.0,chimpanzee,,,,,,,,,,
6136202.0,human,,,,,,,,,,
6136202.0,artificial_intelligence,,,,,,,,,,
6136202.0,god,,,,,,,,,,
6136202.0,rock,,,,,,,,,,
6136202.0,autonomous_car,,,,,,,,,,
6136202.0,computer,,,,,,,,,,
6136194.0,jelly_fish,,,,,,,,,,
6136194.0,robot,,,,,,,,,,
6136194.0,virus,,,,,,,,,,
6136194.0,chimpanzee,,,,,,,,,,
6136194.0,human,,,,,,,,,,
6136194.0,artificial_intelligence,,,,,,,,,,
6136194.0,god,,,,,,,,,,
6136194.0,rock,,,,,,,,,,
6136194.0,autonomous_car,,,,,,,,,,
6136194.0,computer,,,,,,,,,,
6136208.0,jelly_fish,,,,,,,,,,
6136208.0,robot,,,,,,,,,,
6136208.0,virus,,,,,,,,,,
6136208.0,chimpanzee,,,,,,,,,,
6136208.0,human,,,,,,,,,,
6136208.0,artificial_intelligence,,,,,,,,,,
6136208.0,god,,,,,,,,,,
6136208.0,rock,,,,,,,,,,
6136208.0,autonomous_car,,,,,,,,,,
6136208.0,computer,,,,,,,,,,
6136169.0,jelly_fish,,,,,,,,,,
6136169.0,robot,,,,,,,,,,
6136169.0,virus,,,,,,,,,,
6136169.0,chimpanzee,,,,,,,,,,
6136169.0,human,,,,,,,,,,
6136169.0,artificial_intelligence,,,,,,,,,,
6136169.0,god,,,,,,,,,,
6136169.0,rock,,,,,,,,,,
6136169.0,autonomous_car,,,,,,,,,,
6136169.0,computer,,,,,,,,,,
6136174.0,jelly_fish,,,,,,,,,,
6136174.0,robot,,,,,,,,,,
6136174.0,virus,,,,,,,,,,
6136174.0,chimpanzee,,,,,,,,,,
6136174.0,human,,,,,,,,,,
6136174.0,artificial_intelligence,,,,,,,,,,
6136174.0,god,,,,,,,,,,
6136174.0,rock,,,,,,,,,,
6136174.0,autonomous_car,,,,,,,,,,
6136174.0,computer,,,,,,,,,,
6136172.0,jelly_fish,,,,,,,,,,
6136172.0,robot,,,,,,,,,,
6136172.0,virus,,,,,,,,,,
6136172.0,chimpanzee,,,,,,,,,,
6136172.0,human,,,,,,,,,,
6136172.0,artificial_intelligence,,,,,,,,,,
6136172.0,god,,,,,,,,,,
6136172.0,rock,,,,,,,,,,
6136172.0,autonomous_car,,,,,,,,,,
6136172.0,computer,,,,,,,,,,
6136213.0,jelly_fish,,,,,,,,,,
6136213.0,robot,,,,,,,,,,
6136213.0,virus,,,,,,,,,,
6136213.0,chimpanzee,,,,,,,,,,
6136213.0,human,,,,,,,,,,
6136213.0,artificial_intelligence,,,,,,,,,,
6136213.0,god,,,,,,,,,,
6136213.0,rock,,,,,,,,,,
6136213.0,autonomous_car,,,,,,,,,,
6136213.0,computer,,,,,,,,,,
6136222.0,jelly_fish,,,,,,,,,,
6136222.0,robot,,,,,,,,,,
6136222.0,virus,,,,,,,,,,
6136222.0,chimpanzee,,,,,,,,,,
6136222.0,human,,,,,,,,,,
6136222.0,artificial_intelligence,,,,,,,,,,
6136222.0,god,,,,,,,,,,
6136222.0,rock,,,,,,,,,,
6136222.0,autonomous_car,,,,,,,,,,
6136222.0,computer,,,,,,,,,,
6136209.0,jelly_fish,,,,,,,,,,
6136209.0,robot,,,,,,,,,,
6136209.0,virus,,,,,,,,,,
6136209.0,chimpanzee,,,,,,,,,,
6136209.0,human,,,,,,,,,,
6136209.0,artificial_intelligence,,,,,,,,,,
6136209.0,god,,,,,,,,,,
6136209.0,rock,,,,,,,,,,
6136209.0,autonomous_car,,,,,,,,,,
6136209.0,computer,,,,,,,,,,
6136217.0,jelly_fish,,,,,,,,,,
6136217.0,robot,,,,,,,,,,
6136217.0,virus,,,,,,,,,,
6136217.0,chimpanzee,,,,,,,,,,
6136217.0,human,,,,,,,,,,
6136217.0,artificial_intelligence,,,,,,,,,,
6136217.0,god,,,,,,,,,,
6136217.0,rock,,,,,,,,,,
6136217.0,autonomous_car,,,,,,,,,,
6136217.0,computer,,,,,,,,,,
6136205.0,jelly_fish,,,,,,,,,,
6136205.0,robot,,,,,,,,,,
6136205.0,virus,,,,,,,,,,
6136205.0,chimpanzee,,,,,,,,,,
6136205.0,human,,,,,,,,,,
6136205.0,artificial_intelligence,,,,,,,,,,
6136205.0,god,,,,,,,,,,
6136205.0,rock,,,,,,,,,,
6136205.0,autonomous_car,,,,,,,,,,
6136205.0,computer,,,,,,,,,,
6136228.0,jelly_fish,,,,,,,,,,
6136228.0,robot,,,,,,,,,,
6136228.0,virus,,,,,,,,,,
6136228.0,chimpanzee,,,,,,,,,,
6136228.0,human,,,,,,,,,,
6136228.0,artificial_intelligence,,,,,,,,,,
6136228.0,god,,,,,,,,,,
6136228.0,rock,,,,,,,,,,
6136228.0,autonomous_car,,,,,,,,,,
6136228.0,computer,,,,,,,,,,
6136216.0,jelly_fish,,,,,,,,,,
6136216.0,robot,,,,,,,,,,
6136216.0,virus,,,,,,,,,,
6136216.0,chimpanzee,,,,,,,,,,
6136216.0,human,,,,,,,,,,
6136216.0,artificial_intelligence,,,,,,,,,,
6136216.0,god,,,,,,,,,,
6136216.0,rock,,,,,,,,,,
6136216.0,autonomous_car,,,,,,,,,,
6136216.0,computer,,,,,,,,,,
6136223.0,jelly_fish,,,,,,,,,,
6136223.0,robot,,,,,,,,,,
6136223.0,virus,,,,,,,,,,
6136223.0,chimpanzee,,,,,,,,,,
6136223.0,human,,,,,,,,,,
6136223.0,artificial_intelligence,,,,,,,,,,
6136223.0,god,,,,,,,,,,
6136223.0,rock,,,,,,,,,,
6136223.0,autonomous_car,,,,,,,,,,
6136223.0,computer,,,,,,,,,,
6136221.0,jelly_fish,,,,,,,,,,
6136221.0,robot,,,,,,,,,,
6136221.0,virus,,,,,,,,,,
6136221.0,chimpanzee,,,,,,,,,,
6136221.0,human,,,,,,,,,,
6136221.0,artificial_intelligence,,,,,,,,,,
6136221.0,god,,,,,,,,,,
6136221.0,rock,,,,,,,,,,
6136221.0,autonomous_car,,,,,,,,,,
6136221.0,computer,,,,,,,,,,
6136236.0,jelly_fish,,,,,,,,,,
6136236.0,robot,,,,,,,,,,
6136236.0,virus,,,,,,,,,,
6136236.0,chimpanzee,,,,,,,,,,
6136236.0,human,,,,,,,,,,
6136236.0,artificial_intelligence,,,,,,,,,,
6136236.0,god,,,,,,,,,,
6136236.0,rock,,,,,,,,,,
6136236.0,autonomous_car,,,,,,,,,,
6136236.0,computer,,,,,,,,,,
6136232.0,jelly_fish,,,,,,,,,,
6136232.0,robot,,,,,,,,,,
6136232.0,virus,,,,,,,,,,
6136232.0,chimpanzee,,,,,,,,,,
6136232.0,human,,,,,,,,,,
6136232.0,artificial_intelligence,,,,,,,,,,
6136232.0,god,,,,,,,,,,
6136232.0,rock,,,,,,,,,,
6136232.0,autonomous_car,,,,,,,,,,
6136232.0,computer,,,,,,,,,,
6136235.0,jelly_fish,,,,,,,,,,
6136235.0,robot,,,,,,,,,,
6136235.0,virus,,,,,,,,,,
6136235.0,chimpanzee,,,,,,,,,,
6136235.0,human,,,,,,,,,,
6136235.0,artificial_intelligence,,,,,,,,,,
6136235.0,god,,,,,,,,,,
6136235.0,rock,,,,,,,,,,
6136235.0,autonomous_car,,,,,,,,,,
6136235.0,computer,,,,,,,,,,
6136210.0,jelly_fish,,,,,,,,,,
6136210.0,robot,,,,,,,,,,
6136210.0,virus,,,,,,,,,,
6136210.0,chimpanzee,,,,,,,,,,
6136210.0,human,,,,,,,,,,
6136210.0,artificial_intelligence,,,,,,,,,,
6136210.0,god,,,,,,,,,,
6136210.0,rock,,,,,,,,,,
6136210.0,autonomous_car,,,,,,,,,,
6136210.0,computer,,,,,,,,,,
6136233.0,jelly_fish,,,,,,,,,,
6136233.0,robot,,,,,,,,,,
6136233.0,virus,,,,,,,,,,
6136233.0,chimpanzee,,,,,,,,,,
6136233.0,human,,,,,,,,,,
6136233.0,artificial_intelligence,,,,,,,,,,
6136233.0,god,,,,,,,,,,
6136233.0,rock,,,,,,,,,,
6136233.0,autonomous_car,,,,,,,,,,
6136233.0,computer,,,,,,,,,,
6136254.0,jelly_fish,,,,,,,,,,
6136254.0,robot,,,,,,,,,,
6136254.0,virus,,,,,,,,,,
6136254.0,chimpanzee,,,,,,,,,,
6136254.0,human,,,,,,,,,,
6136254.0,artificial_intelligence,,,,,,,,,,
6136254.0,god,,,,,,,,,,
6136254.0,rock,,,,,,,,,,
6136254.0,autonomous_car,,,,,,,,,,
6136254.0,computer,,,,,,,,,,
6136206.0,jelly_fish,,,,,,,,,,
6136206.0,robot,,,,,,,,,,
6136206.0,virus,,,,,,,,,,
6136206.0,chimpanzee,,,,,,,,,,
6136206.0,human,,,,,,,,,,
6136206.0,artificial_intelligence,,,,,,,,,,
6136206.0,god,,,,,,,,,,
6136206.0,rock,,,,,,,,,,
6136206.0,autonomous_car,,,,,,,,,,
6136206.0,computer,,,,,,,,,,
6136150.0,jelly_fish,,,,,,,,,,
6136150.0,robot,,,,,,,,,,
6136150.0,virus,,,,,,,,,,
6136150.0,chimpanzee,,,,,,,,,,
6136150.0,human,,,,,,,,,,
6136150.0,artificial_intelligence,,,,,,,,,,
6136150.0,god,,,,,,,,,,
6136150.0,rock,,,,,,,,,,
6136150.0,autonomous_car,,,,,,,,,,
6136150.0,computer,,,,,,,,,,
6136258.0,jelly_fish,,,,,,,,,,
6136258.0,robot,,,,,,,,,,
6136258.0,virus,,,,,,,,,,
6136258.0,chimpanzee,,,,,,,,,,
6136258.0,human,,,,,,,,,,
6136258.0,artificial_intelligence,,,,,,,,,,
6136258.0,god,,,,,,,,,,
6136258.0,rock,,,,,,,,,,
6136258.0,autonomous_car,,,,,,,,,,
6136258.0,computer,,,,,,,,,,
6136215.0,jelly_fish,,,,,,,,,,
6136215.0,robot,,,,,,,,,,
6136215.0,virus,,,,,,,,,,
6136215.0,chimpanzee,,,,,,,,,,
6136215.0,human,,,,,,,,,,
6136215.0,artificial_intelligence,,,,,,,,,,
6136215.0,god,,,,,,,,,,
6136215.0,rock,,,,,,,,,,
6136215.0,autonomous_car,,,,,,,,,,
6136215.0,computer,,,,,,,,,,
6136276.0,jelly_fish,,,,,,,,,,
6136276.0,robot,,,,,,,,,,
6136276.0,virus,,,,,,,,,,
6136276.0,chimpanzee,,,,,,,,,,
6136276.0,human,,,,,,,,,,
6136276.0,artificial_intelligence,,,,,,,,,,
6136276.0,god,,,,,,,,,,
6136276.0,rock,,,,,,,,,,
6136276.0,autonomous_car,,,,,,,,,,
6136276.0,computer,,,,,,,,,,
6136203.0,jelly_fish,,,,,,,,,,
6136203.0,robot,,,,,,,,,,
6136203.0,virus,,,,,,,,,,
6136203.0,chimpanzee,,,,,,,,,,
6136203.0,human,,,,,,,,,,
6136203.0,artificial_intelligence,,,,,,,,,,
6136203.0,god,,,,,,,,,,
6136203.0,rock,,,,,,,,,,
6136203.0,autonomous_car,,,,,,,,,,
6136203.0,computer,,,,,,,,,,
6136279.0,jelly_fish,,,,,,,,,,
6136279.0,robot,,,,,,,,,,
6136279.0,virus,,,,,,,,,,
6136279.0,chimpanzee,,,,,,,,,,
6136279.0,human,,,,,,,,,,
6136279.0,artificial_intelligence,,,,,,,,,,
6136279.0,god,,,,,,,,,,
6136279.0,rock,,,,,,,,,,
6136279.0,autonomous_car,,,,,,,,,,
6136279.0,computer,,,,,,,,,,
6136226.0,jelly_fish,,,,,,,,,,
6136226.0,robot,,,,,,,,,,
6136226.0,virus,,,,,,,,,,
6136226.0,chimpanzee,,,,,,,,,,
6136226.0,human,,,,,,,,,,
6136226.0,artificial_intelligence,,,,,,,,,,
6136226.0,god,,,,,,,,,,
6136226.0,rock,,,,,,,,,,
6136226.0,autonomous_car,,,,,,,,,,
6136226.0,computer,,,,,,,,,,
6136296.0,jelly_fish,,,,,,,,,,
6136296.0,robot,,,,,,,,,,
6136296.0,virus,,,,,,,,,,
6136296.0,chimpanzee,,,,,,,,,,
6136296.0,human,,,,,,,,,,
6136296.0,artificial_intelligence,,,,,,,,,,
6136296.0,god,,,,,,,,,,
6136296.0,rock,,,,,,,,,,
6136296.0,autonomous_car,,,,,,,,,,
6136296.0,computer,,,,,,,,,,
6136275.0,jelly_fish,,,,,,,,,,
6136275.0,robot,,,,,,,,,,
6136275.0,virus,,,,,,,,,,
6136275.0,chimpanzee,,,,,,,,,,
6136275.0,human,,,,,,,,,,
6136275.0,artificial_intelligence,,,,,,,,,,
6136275.0,god,,,,,,,,,,
6136275.0,rock,,,,,,,,,,
6136275.0,autonomous_car,,,,,,,,,,
6136275.0,computer,,,,,,,,,,
6136329.0,jelly_fish,,,,,,,,,,
6136329.0,robot,,,,,,,,,,
6136329.0,virus,,,,,,,,,,
6136329.0,chimpanzee,,,,,,,,,,
6136329.0,human,,,,,,,,,,
6136329.0,artificial_intelligence,,,,,,,,,,
6136329.0,god,,,,,,,,,,
6136329.0,rock,,,,,,,,,,
6136329.0,autonomous_car,,,,,,,,,,
6136329.0,computer,,,,,,,,,,
6136338.0,jelly_fish,,,,,,,,,,
6136338.0,robot,,,,,,,,,,
6136338.0,virus,,,,,,,,,,
6136338.0,chimpanzee,,,,,,,,,,
6136338.0,human,,,,,,,,,,
6136338.0,artificial_intelligence,,,,,,,,,,
6136338.0,god,,,,,,,,,,
6136338.0,rock,,,,,,,,,,
6136338.0,autonomous_car,,,,,,,,,,
6136338.0,computer,,,,,,,,,,
6136405.0,jelly_fish,,,,,,,,,,
6136405.0,robot,,,,,,,,,,
6136405.0,virus,,,,,,,,,,
6136405.0,chimpanzee,,,,,,,,,,
6136405.0,human,,,,,,,,,,
6136405.0,artificial_intelligence,,,,,,,,,,
6136405.0,god,,,,,,,,,,
6136405.0,rock,,,,,,,,,,
6136405.0,autonomous_car,,,,,,,,,,
6136405.0,computer,,,,,,,,,,
6142796.0,jelly_fish,,,,,,,,,,
6142796.0,robot,,,,,,,,,,
6142796.0,virus,,,,,,,,,,
6142796.0,chimpanzee,,,,,,,,,,
6142796.0,human,,,,,,,,,,
6142796.0,artificial_intelligence,,,,,,,,,,
6142796.0,god,,,,,,,,,,
6142796.0,rock,,,,,,,,,,
6142796.0,autonomous_car,,,,,,,,,,
6142796.0,computer,,,,,,,,,,
6143070.0,jelly_fish,,,,,,,,,,
6143070.0,robot,,,,,,,,,,
6143070.0,virus,,,,,,,,,,
6143070.0,chimpanzee,,,,,,,,,,
6143070.0,human,,,,,,,,,,
6143070.0,artificial_intelligence,,,,,,,,,,
6143070.0,god,,,,,,,,,,
6143070.0,rock,,,,,,,,,,
6143070.0,autonomous_car,,,,,,,,,,
6143070.0,computer,,,,,,,,,,
6143312.0,jelly_fish,,,,,,,,,,
6143312.0,robot,,,,,,,,,,
6143312.0,virus,,,,,,,,,,
6143312.0,chimpanzee,,,,,,,,,,
6143312.0,human,,,,,,,,,,
6143312.0,artificial_intelligence,,,,,,,,,,
6143312.0,god,,,,,,,,,,
6143312.0,rock,,,,,,,,,,
6143312.0,autonomous_car,,,,,,,,,,
6143312.0,computer,,,,,,,,,,
6143311.0,jelly_fish,,,,,,,,,,
6143311.0,robot,,,,,,,,,,
6143311.0,virus,,,,,,,,,,
6143311.0,chimpanzee,,,,,,,,,,
6143311.0,human,,,,,,,,,,
6143311.0,artificial_intelligence,,,,,,,,,,
6143311.0,god,,,,,,,,,,
6143311.0,rock,,,,,,,,,,
6143311.0,autonomous_car,,,,,,,,,,
6143311.0,computer,,,,,,,,,,
