part_id,word,jelly_fish,artificial_intelligence,god,virus,human,chimpanzee,robot,rock,autonomous_car,computer
6305770.0,jelly_fish,,-2.0,-2.0,-2.0,3.0,2.0,-2.0,-1.0,1.0,-2.0
6305770.0,artificial_intelligence,2.0,,-2.0,2.0,2.0,3.0,-1.0,-2.0,-1.0,-1.0
6305770.0,god,2.0,2.0,,2.0,3.0,3.0,2.0,1.0,2.0,2.0
6305770.0,virus,2.0,-2.0,-2.0,,3.0,2.0,-1.0,-2.0,-1.0,-1.0
6305770.0,human,-3.0,-2.0,-3.0,-3.0,,-1.0,-3.0,-3.0,-3.0,-3.0
6305770.0,chimpanzee,-2.0,-3.0,-3.0,-2.0,1.0,,-2.0,-2.0,-3.0,-2.0
6305770.0,robot,2.0,1.0,-2.0,1.0,3.0,2.0,,-1.0,1.0,1.0
6305770.0,rock,1.0,2.0,-1.0,2.0,3.0,2.0,1.0,,1.0,1.0
6305770.0,autonomous_car,-1.0,1.0,-2.0,1.0,3.0,3.0,-1.0,-1.0,,-1.0
6305770.0,computer,2.0,1.0,-2.0,1.0,3.0,2.0,-1.0,-1.0,1.0,
6305774.0,jelly_fish,,2.0,-1.0,1.0,3.0,1.0,1.0,-1.0,1.0,2.0
6305774.0,artificial_intelligence,-2.0,,-2.0,-3.0,3.0,-2.0,-1.0,-3.0,-2.0,-2.0
6305774.0,god,1.0,2.0,,1.0,3.0,1.0,3.0,-1.0,1.0,2.0
6305774.0,virus,-1.0,3.0,-1.0,,3.0,1.0,1.0,-1.0,3.0,3.0
6305774.0,human,-3.0,-3.0,-3.0,-3.0,,-3.0,-3.0,-3.0,-3.0,-3.0
6305774.0,chimpanzee,-1.0,2.0,-1.0,-1.0,3.0,,1.0,-2.0,1.0,1.0
6305774.0,robot,-1.0,1.0,-3.0,-1.0,3.0,-1.0,,-2.0,1.0,2.0
6305774.0,rock,1.0,3.0,1.0,1.0,3.0,2.0,2.0,,2.0,3.0
6305774.0,autonomous_car,-1.0,2.0,-1.0,-3.0,3.0,-1.0,-1.0,-2.0,,1.0
6305774.0,computer,-2.0,2.0,-2.0,-3.0,3.0,-1.0,-2.0,-3.0,-1.0,
6305771.0,jelly_fish,,3.0,-3.0,3.0,3.0,2.0,-3.0,-3.0,-3.0,-3.0
6305771.0,artificial_intelligence,-3.0,,-3.0,3.0,2.0,3.0,-3.0,-3.0,-3.0,-3.0
6305771.0,god,3.0,3.0,,3.0,3.0,3.0,1.0,-3.0,3.0,-1.0
6305771.0,virus,-3.0,-3.0,-3.0,,-3.0,-3.0,-3.0,-3.0,-3.0,-3.0
6305771.0,human,-3.0,-2.0,-3.0,3.0,,-3.0,-3.0,-3.0,-3.0,-3.0
6305771.0,chimpanzee,-2.0,-3.0,-3.0,3.0,3.0,,-3.0,-3.0,-3.0,-3.0
6305771.0,robot,3.0,3.0,-1.0,3.0,3.0,3.0,,-1.0,-1.0,3.0
6305771.0,rock,3.0,3.0,3.0,3.0,3.0,3.0,1.0,,3.0,1.0
6305771.0,autonomous_car,3.0,3.0,-3.0,3.0,3.0,3.0,1.0,-3.0,,1.0
6305771.0,computer,3.0,3.0,1.0,3.0,3.0,3.0,-3.0,-1.0,-1.0,
6305779.0,jelly_fish,,2.0,-3.0,3.0,3.0,3.0,1.0,-3.0,2.0,2.0
6305779.0,artificial_intelligence,-2.0,,-3.0,-1.0,1.0,-1.0,-1.0,-3.0,-1.0,-1.0
6305779.0,god,3.0,3.0,,3.0,3.0,3.0,3.0,3.0,3.0,3.0
6305779.0,virus,-3.0,1.0,-3.0,,3.0,2.0,2.0,-3.0,1.0,1.0
6305779.0,human,-3.0,-1.0,-3.0,-3.0,,-3.0,-3.0,-3.0,-3.0,-3.0
6305779.0,chimpanzee,-3.0,1.0,-3.0,-2.0,3.0,,-3.0,-3.0,-2.0,-1.0
6305779.0,robot,-1.0,1.0,-3.0,-2.0,3.0,3.0,,-3.0,-1.0,-1.0
6305779.0,rock,3.0,3.0,-3.0,3.0,3.0,3.0,3.0,,3.0,3.0
6305779.0,autonomous_car,-2.0,1.0,-3.0,-1.0,3.0,2.0,1.0,-3.0,,1.0
6305779.0,computer,-2.0,1.0,-3.0,-1.0,3.0,1.0,1.0,-3.0,-1.0,
6305786.0,jelly_fish,,1.0,2.0,1.0,2.0,3.0,-1.0,-1.0,1.0,2.0
6305786.0,artificial_intelligence,-1.0,,2.0,1.0,1.0,2.0,-2.0,-3.0,-1.0,-1.0
6305786.0,god,-2.0,-2.0,,-2.0,-2.0,-2.0,-2.0,-2.0,-2.0,-2.0
6305786.0,virus,-1.0,-1.0,2.0,,2.0,1.0,-1.0,-2.0,-1.0,-1.0
6305786.0,human,-2.0,-1.0,2.0,-2.0,,-3.0,-2.0,-3.0,-3.0,2.0
6305786.0,chimpanzee,-3.0,-2.0,2.0,-1.0,3.0,,-1.0,-2.0,1.0,-1.0
6305786.0,robot,1.0,2.0,2.0,1.0,2.0,1.0,,-2.0,2.0,1.0
6305786.0,rock,1.0,3.0,2.0,2.0,3.0,2.0,2.0,,2.0,3.0
6305786.0,autonomous_car,-1.0,1.0,2.0,1.0,3.0,-1.0,-2.0,-2.0,,2.0
6305786.0,computer,-2.0,1.0,2.0,1.0,-2.0,1.0,-1.0,-3.0,-2.0,
6305794.0,jelly_fish,,-1.0,-1.0,2.0,2.0,1.0,-2.0,-1.0,-3.0,-2.0
6305794.0,artificial_intelligence,1.0,,-2.0,2.0,2.0,2.0,-1.0,-1.0,-2.0,-2.0
6305794.0,god,1.0,2.0,,3.0,3.0,2.0,2.0,1.0,1.0,1.0
6305794.0,virus,-2.0,-2.0,-3.0,,2.0,-1.0,-2.0,-3.0,-2.0,-2.0
6305794.0,human,-2.0,-2.0,-3.0,-2.0,,-2.0,-3.0,-2.0,-2.0,-3.0
6305794.0,chimpanzee,-1.0,-2.0,-2.0,1.0,2.0,,-2.0,-2.0,-2.0,-1.0
6305794.0,robot,2.0,1.0,-2.0,2.0,3.0,2.0,,-1.0,-1.0,1.0
6305794.0,rock,1.0,1.0,-1.0,3.0,2.0,2.0,1.0,,1.0,1.0
6305794.0,autonomous_car,3.0,2.0,-1.0,2.0,2.0,2.0,1.0,-1.0,,2.0
6305794.0,computer,2.0,2.0,-1.0,2.0,3.0,1.0,-1.0,-1.0,-2.0,
6305793.0,jelly_fish,,2.0,2.0,2.0,2.0,2.0,2.0,-1.0,3.0,3.0
6305793.0,artificial_intelligence,-2.0,,1.0,-2.0,-2.0,-2.0,-2.0,-3.0,-2.0,-2.0
6305793.0,god,-2.0,-1.0,,-1.0,-1.0,-2.0,1.0,-3.0,-1.0,1.0
6305793.0,virus,-2.0,2.0,1.0,,2.0,1.0,2.0,-2.0,2.0,2.0
6305793.0,human,-2.0,2.0,1.0,-2.0,,-3.0,2.0,-3.0,-2.0,2.0
6305793.0,chimpanzee,-2.0,2.0,2.0,-1.0,3.0,,2.0,-3.0,2.0,2.0
6305793.0,robot,-2.0,2.0,-1.0,-2.0,-2.0,-2.0,,-3.0,2.0,2.0
6305793.0,rock,1.0,3.0,3.0,2.0,3.0,3.0,3.0,,3.0,3.0
6305793.0,autonomous_car,-3.0,2.0,1.0,-2.0,2.0,-2.0,-2.0,-3.0,,2.0
6305793.0,computer,-3.0,2.0,-1.0,-2.0,-2.0,-2.0,-2.0,-3.0,-2.0,
6305797.0,jelly_fish,,-1.0,-2.0,-1.0,3.0,3.0,-2.0,-2.0,-2.0,-2.0
6305797.0,artificial_intelligence,1.0,,-2.0,-2.0,3.0,2.0,-3.0,-1.0,-2.0,-2.0
6305797.0,god,2.0,2.0,,1.0,3.0,3.0,1.0,-1.0,1.0,-1.0
6305797.0,virus,1.0,2.0,-1.0,,3.0,3.0,-2.0,-1.0,-3.0,-1.0
6305797.0,human,-3.0,-3.0,-3.0,-3.0,,-3.0,-3.0,-3.0,-3.0,-3.0
6305797.0,chimpanzee,-3.0,-2.0,-3.0,-3.0,3.0,,-3.0,-3.0,-2.0,-3.0
6305797.0,robot,2.0,3.0,-1.0,2.0,3.0,3.0,,-1.0,1.0,-1.0
6305797.0,rock,2.0,1.0,1.0,1.0,3.0,3.0,1.0,,1.0,1.0
6305797.0,autonomous_car,2.0,2.0,-1.0,3.0,3.0,2.0,-1.0,-1.0,,-1.0
6305797.0,computer,2.0,2.0,1.0,1.0,3.0,3.0,1.0,-1.0,1.0,
6305791.0,jelly_fish,,2.0,1.0,-2.0,3.0,2.0,3.0,-2.0,2.0,1.0
6305791.0,artificial_intelligence,-2.0,,1.0,-2.0,2.0,-2.0,-1.0,-3.0,-2.0,-2.0
6305791.0,god,-1.0,-1.0,,1.0,2.0,1.0,2.0,-2.0,1.0,1.0
6305791.0,virus,2.0,2.0,-1.0,,2.0,3.0,3.0,-2.0,3.0,2.0
6305791.0,human,-3.0,-2.0,-2.0,-2.0,,-3.0,-2.0,-3.0,-3.0,-2.0
6305791.0,chimpanzee,-2.0,2.0,-1.0,-3.0,3.0,,2.0,-3.0,-3.0,1.0
6305791.0,robot,-3.0,1.0,-2.0,-3.0,2.0,-2.0,,-3.0,-2.0,-1.0
6305791.0,rock,2.0,3.0,2.0,2.0,3.0,3.0,3.0,,3.0,3.0
6305791.0,autonomous_car,-2.0,2.0,-1.0,-3.0,3.0,3.0,2.0,-3.0,,1.0
6305791.0,computer,-1.0,2.0,-1.0,-2.0,2.0,-1.0,1.0,-3.0,-1.0,
6305803.0,jelly_fish,,1.0,-3.0,-1.0,3.0,3.0,1.0,-3.0,2.0,1.0
6305803.0,artificial_intelligence,-1.0,,-3.0,-3.0,-1.0,-1.0,-1.0,-3.0,-2.0,-1.0
6305803.0,god,3.0,3.0,,3.0,3.0,3.0,3.0,3.0,3.0,3.0
6305803.0,virus,1.0,3.0,-3.0,,3.0,3.0,3.0,-3.0,2.0,2.0
6305803.0,human,-3.0,1.0,-3.0,-3.0,,-1.0,-2.0,-3.0,-2.0,-2.0
6305803.0,chimpanzee,-3.0,1.0,-3.0,-3.0,1.0,,-2.0,-3.0,-1.0,-2.0
6305803.0,robot,-1.0,1.0,-3.0,-3.0,2.0,2.0,,-3.0,1.0,-1.0
6305803.0,rock,3.0,3.0,-3.0,3.0,3.0,3.0,3.0,,3.0,3.0
6305803.0,autonomous_car,-2.0,2.0,-3.0,-2.0,2.0,1.0,-1.0,-3.0,,-1.0
6305803.0,computer,-1.0,1.0,-3.0,-2.0,2.0,2.0,1.0,-3.0,1.0,
6305807.0,jelly_fish,,3.0,3.0,-1.0,2.0,2.0,3.0,-3.0,2.0,2.0
6305807.0,artificial_intelligence,-3.0,,3.0,-3.0,1.0,-2.0,-1.0,-3.0,-2.0,-1.0
6305807.0,god,-3.0,-3.0,,-3.0,-3.0,-3.0,-3.0,-3.0,-3.0,-3.0
6305807.0,virus,1.0,3.0,3.0,,3.0,1.0,3.0,-2.0,2.0,1.0
6305807.0,human,-2.0,-1.0,3.0,-3.0,,-2.0,1.0,-3.0,-1.0,1.0
6305807.0,chimpanzee,-2.0,2.0,3.0,-1.0,2.0,,2.0,-3.0,2.0,-1.0
6305807.0,robot,-3.0,1.0,3.0,-3.0,-1.0,-2.0,,-3.0,-2.0,-2.0
6305807.0,rock,3.0,3.0,3.0,2.0,3.0,3.0,3.0,,3.0,3.0
6305807.0,autonomous_car,-2.0,2.0,3.0,-2.0,1.0,-2.0,2.0,-3.0,,2.0
6305807.0,computer,-2.0,1.0,3.0,-1.0,-1.0,1.0,2.0,-3.0,-2.0,
6305808.0,jelly_fish,,2.0,3.0,1.0,1.0,2.0,2.0,-1.0,1.0,2.0
6305808.0,artificial_intelligence,-2.0,,3.0,-1.0,2.0,-2.0,3.0,-3.0,-2.0,-2.0
6305808.0,god,-3.0,-3.0,,-2.0,-1.0,-3.0,-2.0,-3.0,-3.0,-3.0
6305808.0,virus,-1.0,1.0,2.0,,1.0,-1.0,-2.0,-2.0,1.0,1.0
6305808.0,human,-1.0,-2.0,1.0,-1.0,,-2.0,2.0,-2.0,-2.0,-2.0
6305808.0,chimpanzee,-2.0,2.0,3.0,1.0,2.0,,2.0,-2.0,2.0,1.0
6305808.0,robot,-2.0,-3.0,2.0,2.0,-2.0,-2.0,,-2.0,-3.0,-2.0
6305808.0,rock,1.0,3.0,3.0,2.0,2.0,2.0,2.0,,2.0,2.0
6305808.0,autonomous_car,-1.0,2.0,3.0,-1.0,2.0,-2.0,3.0,-2.0,,1.0
6305808.0,computer,-2.0,2.0,3.0,-1.0,2.0,-1.0,2.0,-2.0,-1.0,
6305811.0,jelly_fish,,-2.0,-2.0,-1.0,3.0,2.0,-2.0,-2.0,-2.0,-1.0
6305811.0,artificial_intelligence,2.0,,-1.0,1.0,3.0,3.0,-2.0,-1.0,-1.0,-1.0
6305811.0,god,2.0,1.0,,1.0,3.0,2.0,1.0,1.0,1.0,1.0
6305811.0,virus,1.0,-1.0,-1.0,,3.0,2.0,-1.0,-1.0,-1.0,-1.0
6305811.0,human,-3.0,-3.0,-3.0,-3.0,,-2.0,-3.0,-3.0,-3.0,-3.0
6305811.0,chimpanzee,-2.0,-3.0,-2.0,-2.0,2.0,,-2.0,-2.0,-2.0,-2.0
6305811.0,robot,2.0,2.0,-1.0,1.0,3.0,2.0,,-1.0,-1.0,-1.0
6305811.0,rock,2.0,1.0,-1.0,1.0,3.0,2.0,1.0,,1.0,2.0
6305811.0,autonomous_car,2.0,1.0,-1.0,1.0,3.0,2.0,1.0,-1.0,,1.0
6305811.0,computer,1.0,1.0,-1.0,1.0,3.0,2.0,1.0,-2.0,-1.0,
6305813.0,jelly_fish,,3.0,3.0,1.0,3.0,3.0,1.0,-1.0,1.0,2.0
6305813.0,artificial_intelligence,-3.0,,3.0,-3.0,2.0,-2.0,-2.0,-2.0,-3.0,-3.0
6305813.0,god,-3.0,-3.0,,-3.0,3.0,-3.0,-3.0,-3.0,-3.0,-3.0
6305813.0,virus,-1.0,3.0,3.0,,3.0,1.0,1.0,-1.0,-1.0,1.0
6305813.0,human,-3.0,-2.0,-3.0,-3.0,,-3.0,-3.0,-3.0,-3.0,-3.0
6305813.0,chimpanzee,-3.0,2.0,3.0,-1.0,3.0,,-2.0,-2.0,-1.0,2.0
6305813.0,robot,-1.0,2.0,3.0,-1.0,3.0,2.0,,-2.0,-1.0,2.0
6305813.0,rock,1.0,2.0,3.0,1.0,3.0,2.0,2.0,,1.0,3.0
6305813.0,autonomous_car,-1.0,3.0,3.0,1.0,3.0,1.0,1.0,-1.0,,1.0
6305813.0,computer,-2.0,3.0,3.0,-1.0,3.0,-2.0,-2.0,-3.0,-1.0,
6305814.0,jelly_fish,,1.0,1.0,-2.0,3.0,2.0,-1.0,-3.0,-1.0,-1.0
6305814.0,artificial_intelligence,-1.0,,-1.0,-2.0,2.0,-1.0,-1.0,-3.0,-1.0,-2.0
6305814.0,god,-1.0,1.0,,1.0,1.0,1.0,-1.0,-3.0,-2.0,-2.0
6305814.0,virus,2.0,2.0,-1.0,,2.0,1.0,-1.0,-3.0,-1.0,-1.0
6305814.0,human,-3.0,-2.0,-1.0,-2.0,,-2.0,-2.0,-3.0,-2.0,-2.0
6305814.0,chimpanzee,-2.0,1.0,-1.0,-1.0,2.0,,-1.0,-3.0,-1.0,-3.0
6305814.0,robot,1.0,1.0,1.0,1.0,2.0,1.0,,-1.0,-1.0,-1.0
6305814.0,rock,3.0,3.0,3.0,3.0,3.0,3.0,1.0,,2.0,2.0
6305814.0,autonomous_car,1.0,1.0,2.0,1.0,2.0,1.0,1.0,-2.0,,-1.0
6305814.0,computer,1.0,2.0,2.0,1.0,2.0,3.0,1.0,-2.0,1.0,
6305815.0,jelly_fish,,2.0,3.0,-1.0,3.0,3.0,2.0,-3.0,1.0,2.0
6305815.0,artificial_intelligence,-2.0,,3.0,-3.0,3.0,2.0,-2.0,-3.0,-2.0,-3.0
6305815.0,god,-3.0,-3.0,,-3.0,3.0,-1.0,-3.0,-3.0,-3.0,-3.0
6305815.0,virus,1.0,3.0,3.0,,3.0,3.0,2.0,-1.0,3.0,3.0
6305815.0,human,-3.0,-3.0,-3.0,-3.0,,-2.0,-3.0,-3.0,-3.0,-3.0
6305815.0,chimpanzee,-3.0,-2.0,1.0,-3.0,2.0,,-2.0,-3.0,-3.0,-1.0
6305815.0,robot,-2.0,2.0,3.0,-2.0,3.0,2.0,,-2.0,-3.0,-1.0
6305815.0,rock,3.0,3.0,3.0,1.0,3.0,3.0,2.0,,3.0,3.0
6305815.0,autonomous_car,-1.0,2.0,3.0,-3.0,3.0,3.0,3.0,-3.0,,1.0
6305815.0,computer,-2.0,3.0,3.0,-3.0,3.0,1.0,1.0,-3.0,-1.0,
6305818.0,jelly_fish,,3.0,2.0,3.0,3.0,3.0,3.0,-2.0,3.0,3.0
6305818.0,artificial_intelligence,-3.0,,-2.0,1.0,1.0,-2.0,-2.0,-3.0,1.0,-2.0
6305818.0,god,-2.0,2.0,,-2.0,3.0,-1.0,2.0,-3.0,2.0,1.0
6305818.0,virus,-3.0,-1.0,2.0,,3.0,3.0,3.0,-3.0,1.0,2.0
6305818.0,human,-3.0,-1.0,-3.0,-3.0,,-3.0,-2.0,-3.0,-2.0,-2.0
6305818.0,chimpanzee,-3.0,2.0,1.0,-3.0,3.0,,1.0,-3.0,1.0,-1.0
6305818.0,robot,-3.0,2.0,-2.0,-3.0,2.0,-1.0,,-3.0,-2.0,-1.0
6305818.0,rock,2.0,3.0,3.0,3.0,3.0,3.0,3.0,,3.0,3.0
6305818.0,autonomous_car,-3.0,-1.0,-2.0,-1.0,2.0,-1.0,2.0,-3.0,,2.0
6305818.0,computer,-3.0,2.0,-1.0,-2.0,2.0,1.0,1.0,-3.0,-2.0,
6305816.0,jelly_fish,,3.0,3.0,3.0,3.0,3.0,2.0,-2.0,2.0,2.0
6305816.0,artificial_intelligence,-3.0,,-3.0,1.0,2.0,3.0,-3.0,-3.0,-2.0,-3.0
6305816.0,god,-3.0,3.0,,-2.0,3.0,2.0,-3.0,-3.0,-3.0,-3.0
6305816.0,virus,-3.0,-1.0,2.0,,3.0,3.0,-1.0,-2.0,1.0,-1.0
6305816.0,human,-3.0,-2.0,-3.0,-3.0,,-3.0,-3.0,-3.0,-3.0,-3.0
6305816.0,chimpanzee,-3.0,-3.0,-2.0,-3.0,3.0,,-3.0,-3.0,-3.0,-3.0
6305816.0,robot,-2.0,3.0,3.0,1.0,3.0,3.0,,-3.0,-2.0,-2.0
6305816.0,rock,2.0,3.0,3.0,2.0,3.0,3.0,3.0,,3.0,3.0
6305816.0,autonomous_car,-2.0,2.0,3.0,-1.0,3.0,3.0,2.0,-3.0,,2.0
6305816.0,computer,-2.0,3.0,3.0,1.0,3.0,3.0,2.0,-3.0,-2.0,
6305817.0,jelly_fish,,2.0,3.0,-1.0,3.0,2.0,-2.0,-3.0,-1.0,-1.0
6305817.0,artificial_intelligence,-2.0,,2.0,-2.0,2.0,-2.0,-2.0,-3.0,-2.0,-2.0
6305817.0,god,-3.0,-2.0,,-3.0,1.0,-2.0,-3.0,-3.0,-3.0,-3.0
6305817.0,virus,1.0,2.0,3.0,,3.0,2.0,-1.0,-2.0,-1.0,-1.0
6305817.0,human,-3.0,-2.0,-1.0,-3.0,,-2.0,-3.0,-3.0,-3.0,-3.0
6305817.0,chimpanzee,-2.0,2.0,2.0,-2.0,2.0,,-2.0,-3.0,-2.0,-2.0
6305817.0,robot,2.0,2.0,3.0,1.0,3.0,2.0,,-1.0,-1.0,-1.0
6305817.0,rock,3.0,3.0,3.0,2.0,3.0,3.0,1.0,,2.0,2.0
6305817.0,autonomous_car,1.0,2.0,3.0,1.0,3.0,2.0,1.0,-2.0,,-1.0
6305817.0,computer,1.0,2.0,3.0,1.0,3.0,2.0,1.0,-2.0,1.0,
6305822.0,jelly_fish,,3.0,3.0,2.0,2.0,1.0,2.0,-2.0,-1.0,-1.0
6305822.0,artificial_intelligence,-3.0,,3.0,2.0,2.0,-3.0,-2.0,-3.0,-2.0,-1.0
6305822.0,god,-3.0,-3.0,,-3.0,-3.0,-3.0,-3.0,-3.0,-3.0,-3.0
6305822.0,virus,-2.0,-2.0,3.0,,-2.0,-2.0,-3.0,-2.0,-2.0,-1.0
6305822.0,human,-2.0,-2.0,3.0,2.0,,-2.0,-2.0,-3.0,-3.0,2.0
6305822.0,chimpanzee,-1.0,3.0,3.0,2.0,2.0,,-1.0,-1.0,-2.0,2.0
6305822.0,robot,-2.0,2.0,3.0,3.0,2.0,1.0,,-3.0,-3.0,-1.0
6305822.0,rock,2.0,3.0,3.0,2.0,3.0,1.0,3.0,,2.0,3.0
6305822.0,autonomous_car,1.0,2.0,3.0,2.0,3.0,2.0,3.0,-2.0,,2.0
6305822.0,computer,1.0,1.0,3.0,1.0,-2.0,-2.0,1.0,-3.0,-2.0,
6305830.0,jelly_fish,,-1.0,-3.0,3.0,2.0,2.0,-1.0,-2.0,-1.0,1.0
6305830.0,artificial_intelligence,1.0,,-2.0,3.0,2.0,2.0,-1.0,-2.0,-2.0,-1.0
6305830.0,god,3.0,2.0,,3.0,2.0,2.0,3.0,2.0,2.0,3.0
6305830.0,virus,-3.0,-3.0,-3.0,,-3.0,-2.0,-3.0,-3.0,-3.0,-3.0
6305830.0,human,-2.0,-2.0,-2.0,3.0,,1.0,-2.0,-2.0,-2.0,-2.0
6305830.0,chimpanzee,-2.0,-2.0,-2.0,2.0,-1.0,,-2.0,-3.0,-2.0,-2.0
6305830.0,robot,1.0,1.0,-3.0,3.0,2.0,2.0,,-2.0,1.0,1.0
6305830.0,rock,2.0,2.0,-2.0,3.0,2.0,3.0,2.0,,3.0,2.0
6305830.0,autonomous_car,1.0,2.0,-2.0,3.0,2.0,2.0,-1.0,-3.0,,2.0
6305830.0,computer,-1.0,1.0,-3.0,3.0,2.0,2.0,-1.0,-2.0,-2.0,
6305833.0,jelly_fish,,-1.0,1.0,1.0,2.0,-2.0,-1.0,-2.0,-2.0,-2.0
6305833.0,artificial_intelligence,1.0,,-1.0,2.0,2.0,2.0,2.0,-2.0,-2.0,-2.0
6305833.0,god,-1.0,1.0,,2.0,-2.0,-2.0,-1.0,-3.0,2.0,-2.0
6305833.0,virus,-1.0,-2.0,-2.0,,3.0,1.0,-2.0,-3.0,-2.0,-3.0
6305833.0,human,-2.0,-2.0,2.0,-3.0,,-2.0,-2.0,-3.0,1.0,-3.0
6305833.0,chimpanzee,2.0,-2.0,2.0,-1.0,2.0,,-1.0,-1.0,-2.0,2.0
6305833.0,robot,1.0,-2.0,1.0,2.0,2.0,1.0,,-3.0,2.0,2.0
6305833.0,rock,2.0,2.0,3.0,3.0,3.0,1.0,3.0,,2.0,3.0
6305833.0,autonomous_car,2.0,2.0,-2.0,2.0,-1.0,2.0,-2.0,-2.0,,2.0
6305833.0,computer,2.0,2.0,2.0,3.0,3.0,-2.0,-2.0,-3.0,-2.0,
6305836.0,jelly_fish,,2.0,2.0,-1.0,3.0,2.0,2.0,-2.0,1.0,2.0
6305836.0,artificial_intelligence,-2.0,,2.0,-2.0,2.0,-2.0,-2.0,-2.0,-2.0,2.0
6305836.0,god,-2.0,-2.0,,-2.0,2.0,-2.0,-2.0,-3.0,-2.0,-1.0
6305836.0,virus,1.0,2.0,2.0,,3.0,2.0,2.0,1.0,1.0,2.0
6305836.0,human,-3.0,-2.0,-2.0,-3.0,,-3.0,-3.0,-3.0,-2.0,-3.0
6305836.0,chimpanzee,-2.0,2.0,2.0,-2.0,3.0,,-2.0,-2.0,-1.0,1.0
6305836.0,robot,-2.0,2.0,2.0,-2.0,3.0,2.0,,-3.0,-3.0,3.0
6305836.0,rock,2.0,2.0,3.0,-1.0,3.0,2.0,3.0,,-1.0,3.0
6305836.0,autonomous_car,-1.0,2.0,2.0,-1.0,2.0,1.0,3.0,1.0,,2.0
6305836.0,computer,-2.0,-2.0,1.0,-2.0,3.0,-1.0,-3.0,-3.0,-2.0,
6305835.0,jelly_fish,,2.0,1.0,-1.0,3.0,2.0,1.0,-3.0,2.0,2.0
6305835.0,artificial_intelligence,-2.0,,-1.0,-2.0,2.0,1.0,-2.0,-3.0,-1.0,-2.0
6305835.0,god,-1.0,1.0,,1.0,2.0,2.0,1.0,-3.0,2.0,1.0
6305835.0,virus,1.0,2.0,-1.0,,3.0,2.0,-1.0,-3.0,2.0,-1.0
6305835.0,human,-3.0,-2.0,-2.0,-3.0,,-2.0,-2.0,-3.0,-2.0,-3.0
6305835.0,chimpanzee,-2.0,-1.0,-2.0,-2.0,2.0,,-2.0,-3.0,-1.0,-1.0
6305835.0,robot,-1.0,2.0,-1.0,1.0,2.0,2.0,,-3.0,1.0,-1.0
6305835.0,rock,3.0,3.0,3.0,3.0,3.0,3.0,3.0,,3.0,2.0
6305835.0,autonomous_car,-2.0,1.0,-2.0,-2.0,2.0,1.0,-1.0,-3.0,,-1.0
6305835.0,computer,-2.0,2.0,-1.0,1.0,3.0,1.0,1.0,-2.0,1.0,
6305839.0,jelly_fish,,3.0,3.0,1.0,2.0,3.0,2.0,-3.0,2.0,2.0
6305839.0,artificial_intelligence,-3.0,,3.0,-2.0,2.0,-1.0,-2.0,-3.0,-2.0,-2.0
6305839.0,god,-3.0,-3.0,,-3.0,-2.0,-3.0,-3.0,-3.0,-3.0,-3.0
6305839.0,virus,-1.0,2.0,3.0,,2.0,2.0,2.0,-3.0,-2.0,2.0
6305839.0,human,-2.0,-2.0,2.0,-2.0,,-2.0,-2.0,-3.0,-2.0,-2.0
6305839.0,chimpanzee,-3.0,1.0,3.0,-2.0,2.0,,-1.0,-3.0,1.0,-2.0
6305839.0,robot,-2.0,2.0,3.0,-2.0,2.0,1.0,,-3.0,-3.0,-2.0
6305839.0,rock,3.0,3.0,3.0,3.0,3.0,3.0,3.0,,3.0,3.0
6305839.0,autonomous_car,-2.0,2.0,3.0,2.0,2.0,-1.0,3.0,-3.0,,2.0
6305839.0,computer,-2.0,2.0,3.0,-2.0,2.0,2.0,2.0,-3.0,-2.0,
6305841.0,jelly_fish,,2.0,2.0,2.0,2.0,2.0,2.0,-2.0,2.0,2.0
6305841.0,artificial_intelligence,-2.0,,2.0,-2.0,2.0,1.0,-2.0,-1.0,-2.0,-2.0
6305841.0,god,-2.0,-2.0,,-2.0,2.0,-2.0,1.0,-3.0,-3.0,-2.0
6305841.0,virus,-2.0,2.0,2.0,,2.0,2.0,-2.0,-2.0,-2.0,-2.0
6305841.0,human,-2.0,-2.0,-2.0,-2.0,,1.0,-2.0,-2.0,-2.0,2.0
6305841.0,chimpanzee,-2.0,-1.0,2.0,-2.0,-1.0,,-2.0,-2.0,-2.0,2.0
6305841.0,robot,-2.0,2.0,-1.0,2.0,2.0,2.0,,-2.0,-2.0,-2.0
6305841.0,rock,2.0,1.0,3.0,2.0,2.0,2.0,2.0,,2.0,2.0
6305841.0,autonomous_car,-2.0,2.0,3.0,2.0,2.0,2.0,2.0,-2.0,,-2.0
6305841.0,computer,-2.0,2.0,2.0,2.0,-2.0,-2.0,2.0,-2.0,2.0,
6305840.0,jelly_fish,,1.0,3.0,2.0,3.0,3.0,3.0,-3.0,3.0,-3.0
6305840.0,artificial_intelligence,-1.0,,3.0,2.0,3.0,-1.0,-2.0,-3.0,-2.0,-3.0
6305840.0,god,-3.0,-3.0,,-3.0,1.0,-3.0,-3.0,-3.0,-3.0,-3.0
6305840.0,virus,-2.0,-2.0,3.0,,3.0,1.0,2.0,-3.0,1.0,-3.0
6305840.0,human,-3.0,-3.0,-1.0,-3.0,,-3.0,-3.0,-3.0,-3.0,-3.0
6305840.0,chimpanzee,-3.0,1.0,3.0,-1.0,3.0,,1.0,-3.0,-2.0,-2.0
6305840.0,robot,-3.0,2.0,3.0,-2.0,3.0,-1.0,,-3.0,-1.0,-3.0
6305840.0,rock,3.0,3.0,3.0,3.0,3.0,3.0,3.0,,3.0,1.0
6305840.0,autonomous_car,-3.0,2.0,3.0,-1.0,3.0,2.0,1.0,-3.0,,-2.0
6305840.0,computer,3.0,3.0,3.0,3.0,3.0,2.0,3.0,-1.0,2.0,
6305838.0,jelly_fish,,3.0,2.0,2.0,2.0,2.0,2.0,-2.0,1.0,1.0
6305838.0,artificial_intelligence,-3.0,,-3.0,-3.0,-3.0,1.0,-3.0,-3.0,-3.0,-2.0
6305838.0,god,-2.0,3.0,,-2.0,2.0,-2.0,-2.0,-3.0,-3.0,-2.0
6305838.0,virus,-2.0,3.0,2.0,,2.0,1.0,-2.0,-2.0,-2.0,-2.0
6305838.0,human,-2.0,3.0,-2.0,-2.0,,-3.0,-2.0,-3.0,-3.0,-3.0
6305838.0,chimpanzee,-2.0,-1.0,2.0,-1.0,3.0,,-1.0,-3.0,1.0,2.0
6305838.0,robot,-2.0,3.0,2.0,2.0,2.0,1.0,,-3.0,2.0,-1.0
6305838.0,rock,2.0,3.0,3.0,2.0,3.0,3.0,3.0,,3.0,2.0
6305838.0,autonomous_car,-1.0,3.0,3.0,2.0,3.0,-1.0,-2.0,-3.0,,-1.0
6305838.0,computer,-1.0,2.0,2.0,2.0,3.0,-2.0,1.0,-2.0,1.0,
6305812.0,jelly_fish,,-1.0,1.0,-1.0,-1.0,-1.0,-1.0,-1.0,-1.0,-2.0
6305812.0,artificial_intelligence,1.0,,-1.0,-2.0,1.0,1.0,-1.0,1.0,-1.0,-2.0
6305812.0,god,-1.0,1.0,,1.0,1.0,1.0,-1.0,1.0,-2.0,1.0
6305812.0,virus,1.0,2.0,-1.0,,1.0,1.0,-1.0,1.0,-1.0,1.0
6305812.0,human,1.0,-1.0,-1.0,-1.0,,-1.0,-1.0,1.0,-2.0,-2.0
6305812.0,chimpanzee,1.0,-1.0,-1.0,-1.0,1.0,,1.0,1.0,-2.0,1.0
6305812.0,robot,1.0,1.0,1.0,1.0,1.0,-1.0,,1.0,1.0,1.0
6305812.0,rock,1.0,-1.0,-1.0,-1.0,-1.0,-1.0,-1.0,,-1.0,-1.0
6305812.0,autonomous_car,1.0,1.0,2.0,1.0,2.0,2.0,-1.0,1.0,,1.0
6305812.0,computer,2.0,2.0,-1.0,-1.0,2.0,-1.0,-1.0,1.0,-1.0,
6305846.0,jelly_fish,,2.0,-3.0,3.0,3.0,3.0,2.0,-1.0,2.0,3.0
6305846.0,artificial_intelligence,-2.0,,-3.0,-1.0,1.0,1.0,-1.0,-3.0,-1.0,1.0
6305846.0,god,3.0,3.0,,3.0,3.0,3.0,3.0,3.0,3.0,3.0
6305846.0,virus,-3.0,1.0,-3.0,,1.0,1.0,1.0,-3.0,1.0,1.0
6305846.0,human,-3.0,-1.0,-3.0,-1.0,,-2.0,-2.0,-3.0,-2.0,1.0
6305846.0,chimpanzee,-3.0,-1.0,-3.0,-1.0,2.0,,-1.0,-2.0,-1.0,1.0
6305846.0,robot,-2.0,1.0,-3.0,-1.0,2.0,1.0,,-2.0,-1.0,1.0
6305846.0,rock,1.0,3.0,-3.0,3.0,3.0,2.0,2.0,,3.0,2.0
6305846.0,autonomous_car,-2.0,1.0,-3.0,-1.0,2.0,1.0,1.0,-3.0,,1.0
6305846.0,computer,-3.0,-1.0,-3.0,-1.0,-1.0,-1.0,-1.0,-2.0,-1.0,
6305844.0,jelly_fish,,2.0,3.0,2.0,3.0,2.0,-2.0,-3.0,1.0,2.0
6305844.0,artificial_intelligence,-2.0,,3.0,2.0,3.0,2.0,-3.0,-3.0,-2.0,-1.0
6305844.0,god,-3.0,-3.0,,-3.0,3.0,-3.0,-3.0,-3.0,-3.0,1.0
6305844.0,virus,-2.0,-2.0,3.0,,3.0,3.0,-2.0,-3.0,-2.0,-2.0
6305844.0,human,-3.0,-3.0,-3.0,-3.0,,-3.0,-3.0,-3.0,-3.0,-3.0
6305844.0,chimpanzee,-2.0,-2.0,3.0,-3.0,3.0,,-3.0,-3.0,-3.0,-3.0
6305844.0,robot,2.0,3.0,3.0,2.0,3.0,3.0,,-3.0,2.0,2.0
6305844.0,rock,3.0,3.0,3.0,3.0,3.0,3.0,3.0,,2.0,3.0
6305844.0,autonomous_car,-1.0,2.0,3.0,2.0,3.0,3.0,-2.0,-2.0,,1.0
6305844.0,computer,-2.0,1.0,-1.0,2.0,3.0,3.0,-2.0,-3.0,-1.0,
6305848.0,jelly_fish,,1.0,-1.0,-3.0,3.0,3.0,-1.0,-3.0,1.0,-2.0
6305848.0,artificial_intelligence,-1.0,,-1.0,-2.0,3.0,3.0,-1.0,-1.0,-1.0,-3.0
6305848.0,god,1.0,1.0,,1.0,3.0,3.0,-1.0,-1.0,2.0,3.0
6305848.0,virus,3.0,2.0,-1.0,,3.0,3.0,2.0,-1.0,1.0,1.0
6305848.0,human,-3.0,-3.0,-3.0,-3.0,,-3.0,-3.0,-3.0,-3.0,-3.0
6305848.0,chimpanzee,-3.0,-3.0,-3.0,-3.0,3.0,,-3.0,-3.0,-3.0,-3.0
6305848.0,robot,1.0,1.0,1.0,-2.0,3.0,3.0,,-3.0,1.0,1.0
6305848.0,rock,3.0,1.0,1.0,1.0,3.0,3.0,3.0,,2.0,3.0
6305848.0,autonomous_car,-1.0,1.0,-2.0,-1.0,3.0,3.0,-1.0,-2.0,,-1.0
6305848.0,computer,2.0,3.0,-3.0,-1.0,3.0,3.0,-1.0,-3.0,1.0,
6305832.0,jelly_fish,,3.0,-1.0,1.0,2.0,2.0,2.0,1.0,2.0,2.0
6305832.0,artificial_intelligence,-3.0,,-2.0,1.0,-2.0,-2.0,-1.0,-2.0,-2.0,-2.0
6305832.0,god,1.0,2.0,,-1.0,3.0,-2.0,2.0,-2.0,1.0,2.0
6305832.0,virus,-1.0,-1.0,1.0,,2.0,1.0,2.0,-2.0,2.0,2.0
6305832.0,human,-2.0,2.0,-3.0,-2.0,,-2.0,2.0,-2.0,2.0,2.0
6305832.0,chimpanzee,-2.0,2.0,2.0,-1.0,2.0,,2.0,-2.0,2.0,2.0
6305832.0,robot,-2.0,1.0,-2.0,-2.0,-2.0,-2.0,,-2.0,2.0,2.0
6305832.0,rock,-1.0,2.0,2.0,2.0,2.0,2.0,2.0,,3.0,2.0
6305832.0,autonomous_car,-2.0,2.0,-1.0,-2.0,-2.0,-2.0,-2.0,-3.0,,1.0
6305832.0,computer,-2.0,2.0,-2.0,-2.0,-2.0,-2.0,-2.0,-2.0,-1.0,
6305853.0,jelly_fish,,2.0,3.0,-1.0,2.0,2.0,2.0,-1.0,-1.0,1.0
6305853.0,artificial_intelligence,-2.0,,2.0,-1.0,2.0,-2.0,-2.0,-3.0,-2.0,-2.0
6305853.0,god,-3.0,-2.0,,-3.0,-3.0,-3.0,-3.0,-3.0,-3.0,-3.0
6305853.0,virus,1.0,1.0,3.0,,2.0,1.0,1.0,-2.0,-2.0,2.0
6305853.0,human,-2.0,-2.0,3.0,-2.0,,-3.0,-2.0,-3.0,-3.0,-2.0
6305853.0,chimpanzee,-2.0,2.0,3.0,-1.0,3.0,,1.0,-2.0,-2.0,1.0
6305853.0,robot,-2.0,2.0,3.0,-1.0,2.0,-1.0,,-3.0,-1.0,1.0
6305853.0,rock,1.0,3.0,3.0,2.0,3.0,2.0,3.0,,1.0,2.0
6305853.0,autonomous_car,1.0,2.0,3.0,2.0,3.0,2.0,1.0,-1.0,,2.0
6305853.0,computer,-1.0,2.0,3.0,-2.0,2.0,-1.0,-1.0,-2.0,-2.0,
6305851.0,jelly_fish,,2.0,-1.0,2.0,3.0,2.0,1.0,-1.0,2.0,2.0
6305851.0,artificial_intelligence,-2.0,,-3.0,-2.0,3.0,-1.0,-1.0,-3.0,-3.0,-2.0
6305851.0,god,1.0,3.0,,2.0,3.0,1.0,1.0,-1.0,2.0,3.0
6305851.0,virus,-2.0,2.0,-2.0,,3.0,-1.0,-1.0,-2.0,1.0,-1.0
6305851.0,human,-3.0,-3.0,-3.0,-3.0,,-3.0,-2.0,-3.0,-3.0,-3.0
6305851.0,chimpanzee,-2.0,1.0,-1.0,1.0,3.0,,1.0,-3.0,-2.0,-1.0
6305851.0,robot,-1.0,1.0,-1.0,1.0,2.0,-1.0,,-2.0,-2.0,-1.0
6305851.0,rock,1.0,3.0,1.0,2.0,3.0,3.0,2.0,,3.0,3.0
6305851.0,autonomous_car,-2.0,3.0,-2.0,-1.0,3.0,2.0,2.0,-3.0,,-1.0
6305851.0,computer,-2.0,2.0,-3.0,1.0,3.0,1.0,1.0,-3.0,1.0,
6305852.0,jelly_fish,,1.0,-3.0,1.0,3.0,2.0,-1.0,-2.0,-2.0,1.0
6305852.0,artificial_intelligence,-1.0,,-3.0,2.0,3.0,1.0,1.0,-2.0,2.0,1.0
6305852.0,god,3.0,3.0,,3.0,3.0,3.0,3.0,3.0,3.0,3.0
6305852.0,virus,-1.0,-2.0,-3.0,,2.0,2.0,-1.0,-2.0,2.0,-1.0
6305852.0,human,-3.0,-3.0,-3.0,-2.0,,-3.0,-2.0,-3.0,-3.0,-3.0
6305852.0,chimpanzee,-2.0,-1.0,-3.0,-2.0,3.0,,-1.0,-3.0,-1.0,-1.0
6305852.0,robot,1.0,-1.0,-3.0,1.0,2.0,1.0,,-2.0,-1.0,-1.0
6305852.0,rock,2.0,2.0,-3.0,2.0,3.0,3.0,2.0,,3.0,2.0
6305852.0,autonomous_car,2.0,-2.0,-3.0,-2.0,3.0,1.0,1.0,-3.0,,2.0
6305852.0,computer,-1.0,-1.0,-3.0,1.0,3.0,1.0,1.0,-2.0,-2.0,
6305834.0,jelly_fish,,-1.0,3.0,-1.0,3.0,1.0,-1.0,-2.0,-1.0,-1.0
6305834.0,artificial_intelligence,1.0,,3.0,-1.0,3.0,1.0,-1.0,-2.0,-2.0,-2.0
6305834.0,god,-3.0,-3.0,,-3.0,-3.0,-3.0,-3.0,-3.0,-3.0,-3.0
6305834.0,virus,1.0,1.0,3.0,,3.0,1.0,1.0,-1.0,1.0,-1.0
6305834.0,human,-3.0,-3.0,3.0,-3.0,,-3.0,-3.0,-3.0,-3.0,-3.0
6305834.0,chimpanzee,-1.0,-1.0,3.0,-1.0,3.0,,-1.0,-1.0,-1.0,-1.0
6305834.0,robot,1.0,1.0,3.0,-1.0,3.0,1.0,,-1.0,-1.0,1.0
6305834.0,rock,2.0,2.0,3.0,1.0,3.0,1.0,1.0,,1.0,2.0
6305834.0,autonomous_car,1.0,2.0,3.0,-1.0,3.0,1.0,1.0,-1.0,,1.0
6305834.0,computer,1.0,2.0,3.0,1.0,3.0,1.0,-1.0,-2.0,-1.0,
6305856.0,jelly_fish,,2.0,-2.0,-1.0,3.0,1.0,-1.0,-2.0,-1.0,-1.0
6305856.0,artificial_intelligence,-2.0,,-3.0,-2.0,2.0,1.0,-1.0,-3.0,-2.0,-2.0
6305856.0,god,2.0,3.0,,3.0,3.0,3.0,2.0,1.0,2.0,2.0
6305856.0,virus,1.0,2.0,-3.0,,2.0,2.0,-2.0,-2.0,-2.0,-1.0
6305856.0,human,-3.0,-2.0,-3.0,-2.0,,-2.0,-3.0,-3.0,-3.0,-3.0
6305856.0,chimpanzee,-1.0,-1.0,-3.0,-2.0,2.0,,-2.0,-2.0,-1.0,-1.0
6305856.0,robot,1.0,1.0,-2.0,2.0,3.0,2.0,,-3.0,-1.0,-1.0
6305856.0,rock,2.0,3.0,-1.0,2.0,3.0,2.0,3.0,,2.0,2.0
6305856.0,autonomous_car,1.0,2.0,-2.0,2.0,3.0,1.0,1.0,-2.0,,-1.0
6305856.0,computer,1.0,2.0,-2.0,1.0,3.0,1.0,1.0,-2.0,1.0,
6305850.0,jelly_fish,,2.0,-3.0,1.0,2.0,2.0,2.0,-3.0,2.0,3.0
6305850.0,artificial_intelligence,-2.0,,-3.0,-2.0,-3.0,1.0,-1.0,-2.0,-1.0,3.0
6305850.0,god,3.0,3.0,,3.0,2.0,3.0,3.0,3.0,2.0,3.0
6305850.0,virus,-1.0,2.0,-3.0,,-1.0,1.0,2.0,-2.0,2.0,2.0
6305850.0,human,-2.0,3.0,-2.0,1.0,,-2.0,3.0,-2.0,1.0,3.0
6305850.0,chimpanzee,-2.0,-1.0,-3.0,-1.0,2.0,,3.0,-2.0,1.0,3.0
6305850.0,robot,-2.0,1.0,-3.0,-2.0,-3.0,-3.0,,-3.0,-1.0,1.0
6305850.0,rock,3.0,2.0,-3.0,2.0,2.0,2.0,3.0,,2.0,3.0
6305850.0,autonomous_car,-2.0,1.0,-2.0,-2.0,-1.0,-1.0,1.0,-2.0,,2.0
6305850.0,computer,-3.0,-3.0,-3.0,-2.0,-3.0,-3.0,-1.0,-3.0,-2.0,
6305854.0,jelly_fish,,-2.0,3.0,-1.0,3.0,2.0,-2.0,-2.0,-2.0,-2.0
6305854.0,artificial_intelligence,2.0,,3.0,1.0,3.0,2.0,-1.0,-3.0,-2.0,-3.0
6305854.0,god,-3.0,-3.0,,-3.0,-1.0,-2.0,-3.0,-3.0,-3.0,-3.0
6305854.0,virus,1.0,-1.0,3.0,,3.0,2.0,-1.0,-1.0,-1.0,-1.0
6305854.0,human,-3.0,-3.0,1.0,-3.0,,-3.0,-3.0,-3.0,-3.0,-2.0
6305854.0,chimpanzee,-2.0,-2.0,2.0,-2.0,3.0,,-2.0,-2.0,-2.0,-2.0
6305854.0,robot,2.0,1.0,3.0,1.0,3.0,2.0,,-2.0,1.0,-1.0
6305854.0,rock,2.0,3.0,3.0,1.0,3.0,2.0,2.0,,3.0,2.0
6305854.0,autonomous_car,2.0,2.0,3.0,1.0,3.0,2.0,-1.0,-3.0,,-2.0
6305854.0,computer,2.0,3.0,3.0,1.0,2.0,2.0,1.0,-2.0,2.0,
6305858.0,jelly_fish,,2.0,2.0,-2.0,3.0,3.0,2.0,-3.0,2.0,2.0
6305858.0,artificial_intelligence,-2.0,,1.0,-2.0,3.0,1.0,-2.0,-3.0,-2.0,-2.0
6305858.0,god,-2.0,-1.0,,-2.0,2.0,1.0,-2.0,-3.0,-2.0,-2.0
6305858.0,virus,2.0,2.0,2.0,,3.0,2.0,1.0,-3.0,1.0,2.0
6305858.0,human,-3.0,-3.0,-2.0,-3.0,,-3.0,-3.0,-3.0,-3.0,-3.0
6305858.0,chimpanzee,-3.0,-1.0,-1.0,-2.0,3.0,,1.0,-3.0,-1.0,1.0
6305858.0,robot,-2.0,2.0,2.0,-1.0,3.0,-1.0,,-3.0,-2.0,2.0
6305858.0,rock,3.0,3.0,3.0,3.0,3.0,3.0,3.0,,2.0,3.0
6305858.0,autonomous_car,-2.0,2.0,2.0,-1.0,3.0,1.0,2.0,-2.0,,2.0
6305858.0,computer,-2.0,2.0,2.0,-2.0,3.0,-1.0,-2.0,-3.0,-2.0,
6305861.0,jelly_fish,,-3.0,3.0,-2.0,3.0,3.0,-2.0,-3.0,-3.0,-2.0
6305861.0,artificial_intelligence,3.0,,2.0,-2.0,3.0,2.0,-2.0,-3.0,-2.0,-2.0
6305861.0,god,-3.0,-2.0,,-3.0,3.0,-2.0,-2.0,-3.0,-3.0,-3.0
6305861.0,virus,2.0,2.0,3.0,,3.0,2.0,-3.0,-3.0,-3.0,-2.0
6305861.0,human,-3.0,-3.0,-3.0,-3.0,,-3.0,-3.0,-3.0,-3.0,-3.0
6305861.0,chimpanzee,-3.0,-2.0,2.0,-2.0,3.0,,-3.0,-3.0,-3.0,-2.0
6305861.0,robot,2.0,2.0,2.0,3.0,3.0,3.0,,-2.0,-2.0,-2.0
6305861.0,rock,3.0,3.0,3.0,3.0,3.0,3.0,2.0,,1.0,2.0
6305861.0,autonomous_car,3.0,2.0,3.0,3.0,3.0,3.0,2.0,-1.0,,1.0
6305861.0,computer,2.0,2.0,3.0,2.0,3.0,2.0,2.0,-2.0,-1.0,
6305865.0,jelly_fish,,-2.0,-2.0,-1.0,3.0,2.0,-2.0,-1.0,-2.0,-2.0
6305865.0,artificial_intelligence,2.0,,-1.0,2.0,3.0,2.0,1.0,-1.0,-1.0,-1.0
6305865.0,god,2.0,1.0,,2.0,3.0,2.0,1.0,-1.0,1.0,1.0
6305865.0,virus,1.0,-2.0,-2.0,,3.0,2.0,-1.0,-2.0,-2.0,-2.0
6305865.0,human,-3.0,-3.0,-3.0,-3.0,,-3.0,-3.0,-3.0,-3.0,-3.0
6305865.0,chimpanzee,-2.0,-2.0,-2.0,-2.0,3.0,,-2.0,-2.0,-2.0,-2.0
6305865.0,robot,2.0,-1.0,-1.0,1.0,3.0,2.0,,-1.0,-1.0,-1.0
6305865.0,rock,1.0,1.0,1.0,2.0,3.0,2.0,1.0,,1.0,1.0
6305865.0,autonomous_car,2.0,1.0,-1.0,2.0,3.0,2.0,1.0,-1.0,,1.0
6305865.0,computer,2.0,1.0,-1.0,2.0,3.0,2.0,1.0,-1.0,-1.0,
6305867.0,jelly_fish,,1.0,2.0,1.0,3.0,3.0,1.0,-3.0,-1.0,1.0
6305867.0,artificial_intelligence,-1.0,,1.0,-3.0,2.0,1.0,-1.0,-3.0,-2.0,-3.0
6305867.0,god,-2.0,-1.0,,-1.0,-1.0,1.0,-2.0,-3.0,-3.0,-2.0
6305867.0,virus,-1.0,3.0,1.0,,3.0,2.0,3.0,-1.0,1.0,2.0
6305867.0,human,-3.0,-2.0,1.0,-3.0,,-2.0,-2.0,-3.0,-3.0,-3.0
6305867.0,chimpanzee,-3.0,-1.0,-1.0,-2.0,2.0,,-2.0,-3.0,-2.0,-2.0
6305867.0,robot,-1.0,1.0,2.0,-3.0,2.0,2.0,,-3.0,-2.0,-1.0
6305867.0,rock,3.0,3.0,3.0,1.0,3.0,3.0,3.0,,2.0,3.0
6305867.0,autonomous_car,1.0,2.0,3.0,-1.0,3.0,2.0,2.0,-2.0,,1.0
6305867.0,computer,-1.0,3.0,2.0,-2.0,3.0,2.0,1.0,-3.0,-1.0,
6305876.0,jelly_fish,,1.0,-2.0,1.0,2.0,1.0,-2.0,-2.0,-2.0,-2.0
6305876.0,artificial_intelligence,-1.0,,-2.0,2.0,2.0,2.0,-1.0,-2.0,-1.0,-1.0
6305876.0,god,2.0,2.0,,2.0,3.0,2.0,1.0,1.0,1.0,2.0
6305876.0,virus,-1.0,-2.0,-2.0,,1.0,2.0,-2.0,-2.0,-2.0,-2.0
6305876.0,human,-2.0,-2.0,-3.0,-1.0,,-2.0,-3.0,-2.0,-2.0,-2.0
6305876.0,chimpanzee,-1.0,-2.0,-2.0,-2.0,2.0,,-2.0,-2.0,-2.0,-1.0
6305876.0,robot,2.0,1.0,-1.0,2.0,3.0,2.0,,-2.0,-1.0,-2.0
6305876.0,rock,2.0,2.0,-1.0,2.0,2.0,2.0,2.0,,2.0,2.0
6305876.0,autonomous_car,2.0,1.0,-1.0,2.0,2.0,2.0,1.0,-2.0,,1.0
6305876.0,computer,2.0,1.0,-2.0,2.0,2.0,1.0,2.0,-2.0,-1.0,
6305877.0,jelly_fish,,3.0,2.0,2.0,3.0,3.0,3.0,-3.0,3.0,3.0
6305877.0,artificial_intelligence,-3.0,,-3.0,-3.0,-3.0,-3.0,-3.0,-3.0,-3.0,-3.0
6305877.0,god,-2.0,3.0,,-1.0,3.0,2.0,3.0,-2.0,2.0,2.0
6305877.0,virus,-2.0,3.0,1.0,,3.0,3.0,3.0,-2.0,3.0,3.0
6305877.0,human,-3.0,3.0,-3.0,-3.0,,-2.0,-2.0,-3.0,-3.0,-3.0
6305877.0,chimpanzee,-3.0,3.0,-2.0,-3.0,2.0,,3.0,-3.0,3.0,-3.0
6305877.0,robot,-3.0,3.0,-3.0,-3.0,2.0,-3.0,,-3.0,-3.0,-3.0
6305877.0,rock,3.0,3.0,2.0,2.0,3.0,3.0,3.0,,3.0,3.0
6305877.0,autonomous_car,-3.0,3.0,-2.0,-3.0,3.0,-3.0,3.0,-3.0,,-3.0
6305877.0,computer,-3.0,3.0,-2.0,-3.0,3.0,3.0,3.0,-3.0,3.0,
6305873.0,jelly_fish,,3.0,3.0,1.0,3.0,2.0,3.0,-2.0,-1.0,1.0
6305873.0,artificial_intelligence,-3.0,,-1.0,-2.0,1.0,1.0,-1.0,-3.0,-2.0,-2.0
6305873.0,god,-3.0,1.0,,-2.0,-2.0,-2.0,-2.0,-3.0,-2.0,-2.0
6305873.0,virus,-1.0,2.0,2.0,,2.0,2.0,2.0,-2.0,1.0,2.0
6305873.0,human,-3.0,-1.0,2.0,-2.0,,-2.0,-1.0,-3.0,-2.0,-2.0
6305873.0,chimpanzee,-2.0,-1.0,2.0,-2.0,2.0,,-1.0,-2.0,-2.0,-2.0
6305873.0,robot,-3.0,1.0,2.0,-2.0,1.0,1.0,,-3.0,-1.0,-2.0
6305873.0,rock,2.0,3.0,3.0,2.0,3.0,2.0,3.0,,1.0,2.0
6305873.0,autonomous_car,1.0,2.0,2.0,-1.0,2.0,2.0,1.0,-1.0,,-1.0
6305873.0,computer,-1.0,2.0,2.0,-2.0,2.0,2.0,2.0,-2.0,1.0,
6305879.0,jelly_fish,,-3.0,-3.0,-2.0,2.0,2.0,-3.0,-3.0,-3.0,-3.0
6305879.0,artificial_intelligence,3.0,,1.0,2.0,3.0,3.0,-2.0,-1.0,-2.0,2.0
6305879.0,god,3.0,-1.0,,2.0,3.0,3.0,-1.0,-1.0,1.0,-1.0
6305879.0,virus,2.0,-2.0,-2.0,,3.0,2.0,-2.0,-3.0,-2.0,-2.0
6305879.0,human,-2.0,-3.0,-3.0,-3.0,,-2.0,-3.0,-3.0,-3.0,-3.0
6305879.0,chimpanzee,-2.0,-3.0,-3.0,-2.0,2.0,,-3.0,-3.0,-3.0,-3.0
6305879.0,robot,3.0,2.0,1.0,2.0,3.0,3.0,,-1.0,-1.0,1.0
6305879.0,rock,3.0,1.0,1.0,3.0,3.0,3.0,1.0,,1.0,1.0
6305879.0,autonomous_car,3.0,2.0,-1.0,2.0,3.0,3.0,1.0,-1.0,,1.0
6305879.0,computer,3.0,-2.0,1.0,2.0,3.0,3.0,-1.0,-1.0,-1.0,
6305880.0,jelly_fish,,1.0,3.0,-1.0,3.0,2.0,1.0,-3.0,2.0,1.0
6305880.0,artificial_intelligence,-1.0,,3.0,-1.0,3.0,1.0,2.0,-2.0,1.0,2.0
6305880.0,god,-3.0,-3.0,,-3.0,-3.0,-3.0,-3.0,-3.0,-3.0,-3.0
6305880.0,virus,1.0,1.0,3.0,,3.0,1.0,2.0,-3.0,1.0,1.0
6305880.0,human,-3.0,-3.0,3.0,-3.0,,-3.0,-3.0,-3.0,-3.0,-3.0
6305880.0,chimpanzee,-2.0,-1.0,3.0,-1.0,3.0,,1.0,-3.0,-1.0,1.0
6305880.0,robot,-1.0,-2.0,3.0,-2.0,3.0,-1.0,,-3.0,-1.0,1.0
6305880.0,rock,3.0,2.0,3.0,3.0,3.0,3.0,3.0,,3.0,3.0
6305880.0,autonomous_car,-2.0,-1.0,3.0,-1.0,3.0,1.0,1.0,-3.0,,1.0
6305880.0,computer,-1.0,-2.0,3.0,-1.0,3.0,-1.0,-1.0,-3.0,-1.0,
6305882.0,jelly_fish,,1.0,-2.0,2.0,2.0,-2.0,1.0,-2.0,-2.0,2.0
6305882.0,artificial_intelligence,-1.0,,-2.0,1.0,-1.0,-2.0,-2.0,-2.0,-2.0,-2.0
6305882.0,god,2.0,2.0,,2.0,2.0,2.0,2.0,1.0,1.0,2.0
6305882.0,virus,-2.0,-1.0,-2.0,,-2.0,-2.0,-2.0,-2.0,-2.0,-2.0
6305882.0,human,-2.0,1.0,-2.0,2.0,,-1.0,1.0,-2.0,2.0,-1.0
6305882.0,chimpanzee,2.0,2.0,-2.0,2.0,1.0,,1.0,-2.0,1.0,1.0
6305882.0,robot,-1.0,2.0,-2.0,2.0,-1.0,-1.0,,-2.0,-2.0,1.0
6305882.0,rock,2.0,2.0,-1.0,2.0,2.0,2.0,2.0,,1.0,2.0
6305882.0,autonomous_car,2.0,2.0,-1.0,2.0,-2.0,-1.0,2.0,-1.0,,2.0
6305882.0,computer,-2.0,2.0,-2.0,2.0,1.0,-1.0,-1.0,-2.0,-2.0,
6305886.0,jelly_fish,,3.0,3.0,-2.0,3.0,3.0,-3.0,-2.0,-3.0,-3.0
6305886.0,artificial_intelligence,-3.0,,3.0,-3.0,3.0,-3.0,-3.0,-3.0,-3.0,-3.0
6305886.0,god,-3.0,-3.0,,-3.0,-3.0,-3.0,-3.0,-3.0,-3.0,-3.0
6305886.0,virus,2.0,3.0,3.0,,3.0,3.0,2.0,-1.0,-2.0,-3.0
6305886.0,human,-3.0,-3.0,3.0,-3.0,,-3.0,-3.0,-3.0,-3.0,-3.0
6305886.0,chimpanzee,-3.0,3.0,3.0,-3.0,3.0,,-3.0,-3.0,-3.0,-3.0
6305886.0,robot,3.0,3.0,3.0,-2.0,3.0,3.0,,-1.0,1.0,-1.0
6305886.0,rock,2.0,3.0,3.0,1.0,3.0,3.0,1.0,,1.0,1.0
6305886.0,autonomous_car,3.0,3.0,3.0,2.0,3.0,3.0,-1.0,-1.0,,-1.0
6305886.0,computer,3.0,3.0,3.0,3.0,3.0,3.0,1.0,-1.0,1.0,
6305888.0,jelly_fish,,2.0,-1.0,-1.0,3.0,3.0,2.0,-3.0,3.0,2.0
6305888.0,artificial_intelligence,-2.0,,-3.0,-2.0,2.0,2.0,-2.0,-2.0,-3.0,-3.0
6305888.0,god,1.0,3.0,,-1.0,3.0,3.0,2.0,-3.0,2.0,2.0
6305888.0,virus,1.0,2.0,1.0,,3.0,3.0,3.0,-2.0,3.0,3.0
6305888.0,human,-3.0,-2.0,-3.0,-3.0,,-3.0,-3.0,-3.0,-3.0,-3.0
6305888.0,chimpanzee,-3.0,-2.0,-3.0,-3.0,3.0,,-2.0,-3.0,-2.0,2.0
6305888.0,robot,-2.0,2.0,-2.0,-3.0,3.0,2.0,,-3.0,-2.0,2.0
6305888.0,rock,3.0,2.0,3.0,2.0,3.0,3.0,3.0,,3.0,3.0
6305888.0,autonomous_car,-3.0,3.0,-2.0,-3.0,3.0,2.0,2.0,-3.0,,3.0
6305888.0,computer,-2.0,3.0,-2.0,-3.0,3.0,-2.0,-2.0,-3.0,-3.0,
6305895.0,jelly_fish,,2.0,2.0,-3.0,2.0,3.0,2.0,-2.0,-2.0,-1.0
6305895.0,artificial_intelligence,-2.0,,3.0,-3.0,3.0,3.0,3.0,-3.0,-3.0,-2.0
6305895.0,god,-2.0,-3.0,,-3.0,1.0,2.0,-2.0,-3.0,-3.0,-2.0
6305895.0,virus,3.0,3.0,3.0,,3.0,3.0,3.0,-1.0,1.0,3.0
6305895.0,human,-2.0,-3.0,-1.0,-3.0,,-1.0,-3.0,-3.0,-2.0,-3.0
6305895.0,chimpanzee,-3.0,-3.0,-2.0,-3.0,1.0,,-1.0,-3.0,-3.0,-3.0
6305895.0,robot,-2.0,-3.0,2.0,-3.0,3.0,1.0,,-3.0,-2.0,-3.0
6305895.0,rock,2.0,3.0,3.0,1.0,3.0,3.0,3.0,,1.0,3.0
6305895.0,autonomous_car,2.0,3.0,3.0,-1.0,2.0,3.0,2.0,-1.0,,2.0
6305895.0,computer,1.0,2.0,2.0,-3.0,3.0,3.0,3.0,-3.0,-2.0,
6305901.0,jelly_fish,,-1.0,3.0,2.0,3.0,3.0,-1.0,-3.0,-1.0,-1.0
6305901.0,artificial_intelligence,1.0,,1.0,2.0,3.0,2.0,-1.0,-2.0,-2.0,-2.0
6305901.0,god,-3.0,-1.0,,2.0,2.0,2.0,-2.0,-3.0,-2.0,-3.0
6305901.0,virus,-2.0,-2.0,-2.0,,2.0,2.0,-2.0,-3.0,-2.0,-2.0
6305901.0,human,-3.0,-3.0,-2.0,-2.0,,-2.0,-3.0,-3.0,-3.0,-3.0
6305901.0,chimpanzee,-3.0,-2.0,-2.0,-2.0,2.0,,-2.0,-3.0,-3.0,-2.0
6305901.0,robot,1.0,1.0,2.0,2.0,3.0,2.0,,-2.0,1.0,-1.0
6305901.0,rock,3.0,2.0,3.0,3.0,3.0,3.0,2.0,,3.0,1.0
6305901.0,autonomous_car,1.0,2.0,2.0,2.0,3.0,3.0,-1.0,-3.0,,-1.0
6305901.0,computer,1.0,2.0,3.0,2.0,3.0,2.0,1.0,-1.0,1.0,
6305831.0,jelly_fish,,3.0,3.0,-1.0,3.0,3.0,2.0,-3.0,2.0,3.0
6305831.0,artificial_intelligence,-3.0,,2.0,-3.0,2.0,-3.0,-2.0,-3.0,-3.0,-2.0
6305831.0,god,-3.0,-2.0,,-3.0,-1.0,-3.0,-2.0,-3.0,-2.0,-2.0
6305831.0,virus,1.0,3.0,3.0,,3.0,3.0,2.0,-3.0,3.0,3.0
6305831.0,human,-3.0,-2.0,1.0,-3.0,,-3.0,-2.0,-3.0,-2.0,-2.0
6305831.0,chimpanzee,-3.0,3.0,3.0,-3.0,3.0,,1.0,-3.0,1.0,-1.0
6305831.0,robot,-2.0,2.0,2.0,-2.0,2.0,-1.0,,-3.0,-2.0,2.0
6305831.0,rock,3.0,3.0,3.0,3.0,3.0,3.0,3.0,,3.0,3.0
6305831.0,autonomous_car,-2.0,3.0,2.0,-3.0,2.0,-1.0,2.0,-3.0,,2.0
6305831.0,computer,-3.0,2.0,2.0,-3.0,2.0,1.0,-2.0,-3.0,-2.0,
6305907.0,jelly_fish,,-1.0,-3.0,-3.0,3.0,2.0,-3.0,-3.0,-2.0,-1.0
6305907.0,artificial_intelligence,1.0,,-3.0,-2.0,2.0,2.0,-2.0,-3.0,-2.0,-1.0
6305907.0,god,3.0,3.0,,3.0,3.0,3.0,3.0,-1.0,3.0,3.0
6305907.0,virus,3.0,2.0,-3.0,,3.0,3.0,1.0,-3.0,2.0,1.0
6305907.0,human,-3.0,-2.0,-3.0,-3.0,,-3.0,-3.0,-3.0,-3.0,-3.0
6305907.0,chimpanzee,-2.0,-2.0,-3.0,-3.0,3.0,,-3.0,-3.0,-3.0,-3.0
6305907.0,robot,3.0,2.0,-3.0,-1.0,3.0,3.0,,-3.0,2.0,2.0
6305907.0,rock,3.0,3.0,1.0,3.0,3.0,3.0,3.0,,3.0,3.0
6305907.0,autonomous_car,2.0,2.0,-3.0,-2.0,3.0,3.0,-2.0,-3.0,,2.0
6305907.0,computer,1.0,1.0,-3.0,-1.0,3.0,3.0,-2.0,-3.0,-2.0,
6305908.0,jelly_fish,,-1.0,3.0,2.0,2.0,1.0,-1.0,-3.0,2.0,1.0
6305908.0,artificial_intelligence,1.0,,2.0,2.0,2.0,1.0,-2.0,-1.0,1.0,2.0
6305908.0,god,-3.0,-2.0,,-2.0,1.0,-2.0,-3.0,-3.0,-2.0,-1.0
6305908.0,virus,-2.0,-2.0,2.0,,-1.0,-3.0,-2.0,-3.0,-2.0,-2.0
6305908.0,human,-2.0,-2.0,-1.0,1.0,,-2.0,-3.0,-3.0,-3.0,-2.0
6305908.0,chimpanzee,-1.0,-1.0,2.0,3.0,2.0,,-1.0,-1.0,-1.0,1.0
6305908.0,robot,1.0,2.0,3.0,2.0,3.0,1.0,,-1.0,-1.0,2.0
6305908.0,rock,3.0,1.0,3.0,3.0,3.0,1.0,1.0,,1.0,3.0
6305908.0,autonomous_car,-2.0,-1.0,2.0,2.0,3.0,1.0,1.0,-1.0,,1.0
6305908.0,computer,-1.0,-2.0,1.0,2.0,2.0,-1.0,-2.0,-3.0,-1.0,
6305912.0,jelly_fish,,-3.0,-3.0,1.0,3.0,3.0,-3.0,-3.0,-3.0,-3.0
6305912.0,artificial_intelligence,3.0,,-2.0,2.0,3.0,3.0,-1.0,-3.0,-1.0,-3.0
6305912.0,god,3.0,2.0,,3.0,3.0,3.0,-1.0,-1.0,-1.0,-1.0
6305912.0,virus,-1.0,-2.0,-3.0,,3.0,3.0,-3.0,-3.0,-3.0,-3.0
6305912.0,human,-3.0,-3.0,-3.0,-3.0,,-2.0,-3.0,-3.0,-3.0,-3.0
6305912.0,chimpanzee,-3.0,-3.0,-3.0,-3.0,2.0,,-3.0,-3.0,-3.0,-3.0
6305912.0,robot,3.0,1.0,1.0,3.0,3.0,3.0,,-3.0,1.0,1.0
6305912.0,rock,3.0,3.0,1.0,3.0,3.0,3.0,3.0,,3.0,3.0
6305912.0,autonomous_car,3.0,1.0,1.0,3.0,3.0,3.0,-1.0,-3.0,,-1.0
6305912.0,computer,3.0,3.0,1.0,3.0,3.0,3.0,-1.0,-3.0,1.0,
6305917.0,jelly_fish,,2.0,-1.0,-1.0,3.0,2.0,2.0,-1.0,-1.0,1.0
6305917.0,artificial_intelligence,-2.0,,-2.0,-3.0,3.0,-2.0,-3.0,-3.0,-3.0,-1.0
6305917.0,god,1.0,2.0,,-1.0,3.0,3.0,1.0,-3.0,-1.0,-1.0
6305917.0,virus,1.0,3.0,1.0,,3.0,2.0,3.0,-1.0,1.0,3.0
6305917.0,human,-3.0,-3.0,-3.0,-3.0,,-1.0,-3.0,-3.0,-3.0,-3.0
6305917.0,chimpanzee,-2.0,2.0,-3.0,-2.0,1.0,,3.0,-3.0,-3.0,-2.0
6305917.0,robot,-2.0,3.0,-1.0,-3.0,3.0,-3.0,,-2.0,-1.0,-1.0
6305917.0,rock,1.0,3.0,3.0,1.0,3.0,3.0,2.0,,1.0,3.0
6305917.0,autonomous_car,1.0,3.0,1.0,-1.0,3.0,3.0,1.0,-1.0,,2.0
6305917.0,computer,-1.0,1.0,1.0,-3.0,3.0,2.0,1.0,-3.0,-2.0,
6305920.0,jelly_fish,,-2.0,-2.0,2.0,-2.0,3.0,-3.0,-3.0,-2.0,-3.0
6305920.0,artificial_intelligence,2.0,,-2.0,3.0,3.0,3.0,-1.0,-2.0,-1.0,2.0
6305920.0,god,2.0,2.0,,2.0,2.0,2.0,1.0,-3.0,-2.0,-2.0
6305920.0,virus,-2.0,-3.0,-2.0,,-3.0,-2.0,-2.0,-3.0,-3.0,-3.0
6305920.0,human,2.0,-3.0,-2.0,3.0,,-3.0,-3.0,-3.0,-3.0,-3.0
6305920.0,chimpanzee,-3.0,-3.0,-2.0,2.0,3.0,,-3.0,-3.0,-3.0,-3.0
6305920.0,robot,3.0,1.0,-1.0,2.0,3.0,3.0,,-2.0,2.0,2.0
6305920.0,rock,3.0,2.0,3.0,3.0,3.0,3.0,2.0,,2.0,2.0
6305920.0,autonomous_car,2.0,1.0,2.0,3.0,3.0,3.0,-2.0,-2.0,,2.0
6305920.0,computer,3.0,-2.0,2.0,3.0,3.0,3.0,-2.0,-2.0,-2.0,
6305925.0,jelly_fish,,-2.0,3.0,2.0,3.0,3.0,-2.0,-3.0,2.0,-2.0
6305925.0,artificial_intelligence,2.0,,3.0,2.0,3.0,3.0,-2.0,-3.0,-2.0,-2.0
6305925.0,god,-3.0,-3.0,,-3.0,3.0,-3.0,-3.0,-3.0,-3.0,-3.0
6305925.0,virus,-2.0,-2.0,3.0,,3.0,3.0,-3.0,-3.0,-2.0,-3.0
6305925.0,human,-3.0,-3.0,-3.0,-3.0,,-2.0,-3.0,-3.0,-3.0,-3.0
6305925.0,chimpanzee,-3.0,-3.0,3.0,-3.0,2.0,,-3.0,-3.0,-3.0,-3.0
6305925.0,robot,2.0,2.0,3.0,3.0,3.0,3.0,,-3.0,-2.0,2.0
6305925.0,rock,3.0,3.0,3.0,3.0,3.0,3.0,3.0,,2.0,3.0
6305925.0,autonomous_car,-2.0,2.0,3.0,2.0,3.0,3.0,2.0,-2.0,,2.0
6305925.0,computer,2.0,2.0,3.0,3.0,3.0,3.0,-2.0,-3.0,-2.0,
6305931.0,jelly_fish,,1.0,-3.0,1.0,3.0,1.0,1.0,-3.0,1.0,-1.0
6305931.0,artificial_intelligence,-1.0,,-2.0,2.0,3.0,2.0,1.0,-3.0,-1.0,1.0
6305931.0,god,3.0,2.0,,2.0,3.0,3.0,3.0,-2.0,2.0,2.0
6305931.0,virus,-1.0,-2.0,-2.0,,3.0,1.0,-1.0,-2.0,1.0,1.0
6305931.0,human,-3.0,-3.0,-3.0,-3.0,,-3.0,-3.0,-3.0,-3.0,-3.0
6305931.0,chimpanzee,-1.0,-2.0,-3.0,-1.0,3.0,,1.0,-3.0,-1.0,-2.0
6305931.0,robot,-1.0,-1.0,-3.0,1.0,3.0,-1.0,,-3.0,-2.0,2.0
6305931.0,rock,3.0,3.0,2.0,2.0,3.0,3.0,3.0,,3.0,1.0
6305931.0,autonomous_car,-1.0,1.0,-2.0,-1.0,3.0,1.0,2.0,-3.0,,1.0
6305931.0,computer,1.0,-1.0,-2.0,-1.0,3.0,2.0,-2.0,-1.0,-1.0,
6305940.0,jelly_fish,,2.0,1.0,1.0,3.0,2.0,2.0,-3.0,-1.0,2.0
6305940.0,artificial_intelligence,-2.0,,-2.0,-2.0,-3.0,-2.0,-3.0,-2.0,-2.0,-2.0
6305940.0,god,-1.0,2.0,,2.0,2.0,1.0,1.0,-2.0,1.0,1.0
6305940.0,virus,-1.0,2.0,-2.0,,1.0,1.0,-2.0,-2.0,-2.0,-1.0
6305940.0,human,-3.0,3.0,-2.0,-1.0,,-2.0,-2.0,-2.0,-2.0,2.0
6305940.0,chimpanzee,-2.0,2.0,-1.0,-1.0,2.0,,-1.0,-3.0,-2.0,-1.0
6305940.0,robot,-2.0,3.0,-1.0,2.0,2.0,1.0,,-2.0,-2.0,1.0
6305940.0,rock,3.0,2.0,2.0,2.0,2.0,3.0,2.0,,1.0,2.0
6305940.0,autonomous_car,1.0,2.0,-1.0,2.0,2.0,2.0,2.0,-1.0,,1.0
6305940.0,computer,-2.0,2.0,-1.0,1.0,-2.0,1.0,-1.0,-2.0,-1.0,
6305939.0,jelly_fish,,3.0,2.0,1.0,3.0,2.0,2.0,-2.0,-2.0,-1.0
6305939.0,artificial_intelligence,-3.0,,-2.0,-2.0,2.0,3.0,-2.0,-2.0,-2.0,-2.0
6305939.0,god,-2.0,2.0,,1.0,3.0,2.0,1.0,-2.0,1.0,-1.0
6305939.0,virus,-1.0,2.0,-1.0,,2.0,2.0,2.0,-2.0,-1.0,-2.0
6305939.0,human,-3.0,-2.0,-3.0,-2.0,,-2.0,-2.0,-3.0,-2.0,-2.0
6305939.0,chimpanzee,-2.0,-3.0,-2.0,-2.0,2.0,,-2.0,-3.0,-3.0,-2.0
6305939.0,robot,-2.0,2.0,-1.0,-2.0,2.0,2.0,,-2.0,-1.0,2.0
6305939.0,rock,2.0,2.0,2.0,2.0,3.0,3.0,2.0,,2.0,2.0
6305939.0,autonomous_car,2.0,2.0,-1.0,1.0,2.0,3.0,1.0,-2.0,,2.0
6305939.0,computer,1.0,2.0,1.0,2.0,2.0,2.0,-2.0,-2.0,-2.0,
6305948.0,jelly_fish,,-3.0,3.0,-2.0,3.0,3.0,-2.0,-3.0,3.0,1.0
6305948.0,artificial_intelligence,3.0,,-3.0,-3.0,2.0,3.0,1.0,-3.0,-3.0,1.0
6305948.0,god,-3.0,3.0,,3.0,3.0,-3.0,-3.0,-3.0,-3.0,-3.0
6305948.0,virus,2.0,3.0,-3.0,,3.0,3.0,2.0,-2.0,2.0,2.0
6305948.0,human,-3.0,-2.0,-3.0,-3.0,,-3.0,-3.0,-3.0,-3.0,-3.0
6305948.0,chimpanzee,-3.0,-3.0,3.0,-3.0,3.0,,-2.0,-2.0,-3.0,3.0
6305948.0,robot,2.0,-1.0,3.0,-2.0,3.0,2.0,,-3.0,-3.0,-2.0
6305948.0,rock,3.0,3.0,3.0,2.0,3.0,2.0,3.0,,-3.0,3.0
6305948.0,autonomous_car,-3.0,3.0,3.0,-2.0,3.0,3.0,3.0,3.0,,3.0
6305948.0,computer,-1.0,-1.0,3.0,-2.0,3.0,-3.0,2.0,-3.0,-3.0,
6305936.0,jelly_fish,,3.0,3.0,1.0,3.0,2.0,2.0,-2.0,2.0,2.0
6305936.0,artificial_intelligence,-3.0,,2.0,-3.0,3.0,-2.0,-2.0,-3.0,-2.0,-2.0
6305936.0,god,-3.0,-2.0,,-3.0,1.0,-2.0,-2.0,-3.0,-2.0,-2.0
6305936.0,virus,-1.0,3.0,3.0,,3.0,2.0,2.0,-3.0,2.0,3.0
6305936.0,human,-3.0,-3.0,-1.0,-3.0,,-3.0,-3.0,-3.0,-3.0,-2.0
6305936.0,chimpanzee,-2.0,2.0,2.0,-2.0,3.0,,1.0,-3.0,1.0,1.0
6305936.0,robot,-2.0,2.0,2.0,-2.0,3.0,-1.0,,-3.0,-1.0,-1.0
6305936.0,rock,2.0,3.0,3.0,3.0,3.0,3.0,3.0,,3.0,3.0
6305936.0,autonomous_car,-2.0,2.0,2.0,-2.0,3.0,-1.0,1.0,-3.0,,2.0
6305936.0,computer,-2.0,2.0,2.0,-3.0,2.0,-1.0,1.0,-3.0,-2.0,
6305961.0,jelly_fish,,1.0,3.0,1.0,3.0,1.0,2.0,-2.0,-1.0,2.0
6305961.0,artificial_intelligence,-1.0,,1.0,-2.0,2.0,-2.0,-2.0,-3.0,-2.0,1.0
6305961.0,god,-3.0,-1.0,,-2.0,2.0,-3.0,-2.0,-3.0,-3.0,-2.0
6305961.0,virus,-1.0,2.0,2.0,,3.0,1.0,1.0,-2.0,-1.0,2.0
6305961.0,human,-3.0,-2.0,-2.0,-3.0,,-3.0,-3.0,-3.0,-3.0,-2.0
6305961.0,chimpanzee,-1.0,2.0,3.0,-1.0,3.0,,1.0,-1.0,2.0,2.0
6305961.0,robot,-2.0,2.0,2.0,-1.0,3.0,-1.0,,-3.0,-2.0,2.0
6305961.0,rock,2.0,3.0,3.0,2.0,3.0,1.0,3.0,,1.0,3.0
6305961.0,autonomous_car,1.0,2.0,3.0,1.0,3.0,-2.0,2.0,-1.0,,2.0
6305961.0,computer,-2.0,-1.0,2.0,-2.0,2.0,-2.0,-2.0,-3.0,-2.0,
6305935.0,jelly_fish,,-2.0,3.0,3.0,3.0,3.0,3.0,-2.0,3.0,3.0
6305935.0,artificial_intelligence,2.0,,3.0,-1.0,3.0,-3.0,2.0,-2.0,1.0,2.0
6305935.0,god,-3.0,-3.0,,-3.0,-1.0,-3.0,-3.0,-3.0,-3.0,-3.0
6305935.0,virus,-3.0,1.0,3.0,,3.0,1.0,-3.0,-2.0,-1.0,-2.0
6305935.0,human,-3.0,-3.0,1.0,-3.0,,-3.0,-3.0,-3.0,-3.0,-3.0
6305935.0,chimpanzee,-3.0,3.0,3.0,-1.0,3.0,,-1.0,-2.0,1.0,1.0
6305935.0,robot,-3.0,-2.0,3.0,3.0,3.0,1.0,,-2.0,3.0,3.0
6305935.0,rock,2.0,2.0,3.0,2.0,3.0,2.0,2.0,,3.0,3.0
6305935.0,autonomous_car,-3.0,-1.0,3.0,1.0,3.0,-1.0,-3.0,-3.0,,-2.0
6305935.0,computer,-3.0,-2.0,3.0,2.0,3.0,-1.0,-3.0,-3.0,2.0,
6305976.0,jelly_fish,,2.0,-1.0,-1.0,3.0,2.0,1.0,-2.0,2.0,2.0
6305976.0,artificial_intelligence,-2.0,,-2.0,-2.0,1.0,-1.0,-1.0,-3.0,-1.0,1.0
6305976.0,god,1.0,2.0,,-2.0,2.0,1.0,1.0,-2.0,2.0,3.0
6305976.0,virus,1.0,2.0,2.0,,3.0,1.0,2.0,-2.0,2.0,1.0
6305976.0,human,-3.0,-1.0,-2.0,-3.0,,-3.0,-1.0,-3.0,-2.0,-1.0
6305976.0,chimpanzee,-2.0,1.0,-1.0,-1.0,3.0,,2.0,-3.0,-1.0,1.0
6305976.0,robot,-1.0,1.0,-1.0,-2.0,1.0,-2.0,,-3.0,-1.0,1.0
6305976.0,rock,2.0,3.0,2.0,2.0,3.0,3.0,3.0,,3.0,3.0
6305976.0,autonomous_car,-2.0,1.0,-2.0,-2.0,2.0,1.0,1.0,-3.0,,1.0
6305976.0,computer,-2.0,-1.0,-3.0,-1.0,1.0,-1.0,-1.0,-3.0,-1.0,
6305980.0,jelly_fish,,1.0,-3.0,-2.0,3.0,1.0,1.0,-3.0,1.0,1.0
6305980.0,artificial_intelligence,-1.0,,-3.0,-3.0,1.0,-1.0,-2.0,-3.0,-2.0,-2.0
6305980.0,god,3.0,3.0,,3.0,3.0,3.0,3.0,-1.0,3.0,3.0
6305980.0,virus,2.0,3.0,-3.0,,3.0,2.0,2.0,-1.0,3.0,2.0
6305980.0,human,-3.0,-1.0,-3.0,-3.0,,-2.0,-2.0,-3.0,-2.0,-3.0
6305980.0,chimpanzee,-1.0,1.0,-3.0,-2.0,2.0,,-1.0,-3.0,-2.0,-2.0
6305980.0,robot,-1.0,2.0,-3.0,-2.0,2.0,1.0,,-3.0,2.0,2.0
6305980.0,rock,3.0,3.0,1.0,1.0,3.0,3.0,3.0,,3.0,3.0
6305980.0,autonomous_car,-1.0,2.0,-3.0,-3.0,2.0,2.0,-2.0,-3.0,,2.0
6305980.0,computer,-1.0,2.0,-3.0,-2.0,3.0,2.0,-2.0,-3.0,-2.0,
6305991.0,jelly_fish,,3.0,1.0,-1.0,3.0,2.0,1.0,-2.0,1.0,1.0
6305991.0,artificial_intelligence,-3.0,,-3.0,-3.0,3.0,-1.0,-1.0,-3.0,-2.0,-3.0
6305991.0,god,-1.0,3.0,,-1.0,3.0,1.0,1.0,-1.0,-1.0,-1.0
6305991.0,virus,1.0,3.0,1.0,,3.0,1.0,1.0,-1.0,-1.0,1.0
6305991.0,human,-3.0,-3.0,-3.0,-3.0,,-3.0,-3.0,-3.0,-3.0,-3.0
6305991.0,chimpanzee,-2.0,1.0,-1.0,-1.0,3.0,,-2.0,-3.0,-2.0,-3.0
6305991.0,robot,-1.0,1.0,-1.0,-1.0,3.0,2.0,,-2.0,-1.0,-1.0
6305991.0,rock,2.0,3.0,1.0,1.0,3.0,3.0,2.0,,1.0,1.0
6305991.0,autonomous_car,-1.0,2.0,1.0,1.0,3.0,2.0,1.0,-1.0,,1.0
6305991.0,computer,-1.0,3.0,1.0,-1.0,3.0,3.0,1.0,-1.0,-1.0,
6306008.0,jelly_fish,,2.0,-3.0,1.0,3.0,3.0,1.0,-3.0,-1.0,2.0
6306008.0,artificial_intelligence,-2.0,,-3.0,-2.0,-2.0,-2.0,-3.0,-3.0,-2.0,-3.0
6306008.0,god,3.0,3.0,,3.0,3.0,3.0,3.0,-1.0,1.0,2.0
6306008.0,virus,-1.0,2.0,-3.0,,3.0,3.0,1.0,-2.0,-1.0,-1.0
6306008.0,human,-3.0,2.0,-3.0,-3.0,,-2.0,-2.0,-3.0,-2.0,-3.0
6306008.0,chimpanzee,-3.0,2.0,-3.0,-3.0,2.0,,-1.0,-3.0,-1.0,-2.0
6306008.0,robot,-1.0,3.0,-3.0,-1.0,2.0,1.0,,-3.0,1.0,-1.0
6306008.0,rock,3.0,3.0,1.0,2.0,3.0,3.0,3.0,,3.0,1.0
6306008.0,autonomous_car,1.0,2.0,-1.0,1.0,2.0,1.0,-1.0,-3.0,,-1.0
6306008.0,computer,-2.0,3.0,-2.0,1.0,3.0,2.0,1.0,-1.0,1.0,
6306037.0,jelly_fish,,2.0,-1.0,1.0,1.0,1.0,1.0,-2.0,2.0,1.0
6306037.0,artificial_intelligence,-2.0,,-2.0,-1.0,-1.0,-1.0,-1.0,-1.0,1.0,1.0
6306037.0,god,1.0,2.0,,1.0,1.0,1.0,1.0,-1.0,1.0,1.0
6306037.0,virus,-1.0,1.0,-1.0,,-1.0,-1.0,1.0,-2.0,1.0,1.0
6306037.0,human,-1.0,1.0,-1.0,1.0,,-2.0,1.0,-1.0,-2.0,2.0
6306037.0,chimpanzee,-1.0,1.0,-1.0,1.0,2.0,,1.0,-1.0,1.0,1.0
6306037.0,robot,-1.0,1.0,-1.0,-1.0,-1.0,-1.0,,-1.0,-2.0,1.0
6306037.0,rock,2.0,1.0,1.0,2.0,1.0,1.0,1.0,,1.0,2.0
6306037.0,autonomous_car,-2.0,-1.0,-1.0,-1.0,2.0,-1.0,2.0,-1.0,,1.0
6306037.0,computer,-1.0,-1.0,-1.0,-1.0,-2.0,-1.0,-1.0,-2.0,-1.0,
6306121.0,jelly_fish,,3.0,-2.0,-2.0,2.0,3.0,3.0,-2.0,3.0,3.0
6306121.0,artificial_intelligence,-3.0,,-2.0,-2.0,1.0,-2.0,1.0,-3.0,1.0,3.0
6306121.0,god,2.0,2.0,,-2.0,3.0,2.0,3.0,1.0,3.0,3.0
6306121.0,virus,2.0,2.0,2.0,,2.0,2.0,2.0,2.0,3.0,3.0
6306121.0,human,-2.0,-1.0,-3.0,-2.0,,-3.0,2.0,-3.0,3.0,2.0
6306121.0,chimpanzee,-3.0,2.0,-2.0,-2.0,3.0,,2.0,-2.0,2.0,3.0
6306121.0,robot,-3.0,-1.0,-3.0,-2.0,-2.0,-2.0,,-3.0,-1.0,2.0
6306121.0,rock,2.0,3.0,-1.0,-2.0,3.0,2.0,3.0,,3.0,3.0
6306121.0,autonomous_car,-3.0,-1.0,-3.0,-3.0,-3.0,-2.0,1.0,-3.0,,1.0
6306121.0,computer,-3.0,-3.0,-3.0,-3.0,-2.0,-3.0,-2.0,-3.0,-1.0,
6306226.0,jelly_fish,,-1.0,-3.0,1.0,2.0,1.0,-2.0,-3.0,1.0,1.0
6306226.0,artificial_intelligence,1.0,,-3.0,1.0,2.0,2.0,-1.0,-3.0,-1.0,1.0
6306226.0,god,3.0,3.0,,3.0,3.0,3.0,3.0,1.0,3.0,3.0
6306226.0,virus,-1.0,-1.0,-3.0,,2.0,1.0,-2.0,-3.0,-2.0,-1.0
6306226.0,human,-2.0,-2.0,-3.0,-2.0,,-1.0,-2.0,-3.0,-3.0,-3.0
6306226.0,chimpanzee,-1.0,-2.0,-3.0,-1.0,1.0,,-3.0,-3.0,-2.0,-2.0
6306226.0,robot,2.0,1.0,-3.0,2.0,2.0,3.0,,-2.0,-1.0,-1.0
6306226.0,rock,3.0,3.0,-1.0,3.0,3.0,3.0,2.0,,3.0,3.0
6306226.0,autonomous_car,-1.0,1.0,-3.0,2.0,3.0,2.0,1.0,-3.0,,2.0
6306226.0,computer,-1.0,-1.0,-3.0,1.0,3.0,2.0,1.0,-3.0,-2.0,
6306224.0,jelly_fish,,3.0,-3.0,-1.0,3.0,2.0,-1.0,-3.0,3.0,-1.0
6306224.0,artificial_intelligence,-3.0,,-1.0,1.0,2.0,-1.0,-2.0,-3.0,-1.0,-1.0
6306224.0,god,3.0,1.0,,1.0,1.0,2.0,-1.0,-3.0,1.0,1.0
6306224.0,virus,1.0,-1.0,-1.0,,2.0,1.0,-1.0,-2.0,-1.0,-3.0
6306224.0,human,-3.0,-2.0,-1.0,-2.0,,-1.0,-1.0,-2.0,-1.0,-2.0
6306224.0,chimpanzee,-2.0,1.0,-2.0,-1.0,1.0,,-1.0,-3.0,-1.0,-2.0
6306224.0,robot,1.0,2.0,1.0,1.0,1.0,1.0,,-1.0,1.0,1.0
6306224.0,rock,3.0,3.0,3.0,2.0,2.0,3.0,1.0,,1.0,3.0
6306224.0,autonomous_car,-3.0,1.0,-1.0,1.0,1.0,1.0,-1.0,-1.0,,1.0
6306224.0,computer,1.0,1.0,-1.0,3.0,2.0,2.0,-1.0,-3.0,-1.0,
