part_id,word,chimpanzee,jelly_fish,autonomous_car,virus,human,robot,rock,artificial_intelligence,god,computer
5e8f4d8918ca6c2314765d92,chimpanzee,,-2.0,-1.0,-2.0,2.0,-2.0,-2.0,-1.0,2.0,-1.0
5e8f4d8918ca6c2314765d92,jelly_fish,2.0,,-1.0,1.0,3.0,1.0,-2.0,2.0,3.0,2.0
5e8f4d8918ca6c2314765d92,autonomous_car,1.0,1.0,,2.0,3.0,1.0,-1.0,2.0,3.0,1.0
5e8f4d8918ca6c2314765d92,virus,2.0,-1.0,-2.0,,3.0,1.0,-2.0,1.0,1.0,-1.0
5e8f4d8918ca6c2314765d92,human,-2.0,-3.0,-3.0,-3.0,,-2.0,-3.0,-3.0,1.0,-2.0
5e8f4d8918ca6c2314765d92,robot,2.0,-1.0,-1.0,-1.0,2.0,,-2.0,2.0,2.0,1.0
5e8f4d8918ca6c2314765d92,rock,2.0,2.0,1.0,2.0,3.0,2.0,,2.0,3.0,3.0
5e8f4d8918ca6c2314765d92,artificial_intelligence,1.0,-2.0,-2.0,-1.0,3.0,-2.0,-2.0,,1.0,-2.0
5e8f4d8918ca6c2314765d92,god,-2.0,-3.0,-3.0,-1.0,-1.0,-2.0,-3.0,-1.0,,-3.0
5e8f4d8918ca6c2314765d92,computer,1.0,-2.0,-1.0,1.0,2.0,-1.0,-3.0,2.0,3.0,
614b53c4e3ff9739cc026895,chimpanzee,,-2.0,2.0,-1.0,-3.0,-3.0,-3.0,3.0,-2.0,3.0
614b53c4e3ff9739cc026895,jelly_fish,2.0,,3.0,2.0,3.0,3.0,-1.0,2.0,3.0,3.0
614b53c4e3ff9739cc026895,autonomous_car,-2.0,-3.0,,-2.0,-3.0,2.0,-2.0,-2.0,-3.0,-3.0
614b53c4e3ff9739cc026895,virus,1.0,-2.0,2.0,,3.0,2.0,-3.0,2.0,-3.0,3.0
614b53c4e3ff9739cc026895,human,3.0,-3.0,3.0,-3.0,,2.0,-3.0,3.0,-3.0,3.0
614b53c4e3ff9739cc026895,robot,3.0,-3.0,-2.0,-2.0,-2.0,,-3.0,3.0,-2.0,-2.0
614b53c4e3ff9739cc026895,rock,3.0,1.0,2.0,3.0,3.0,3.0,,3.0,1.0,3.0
614b53c4e3ff9739cc026895,artificial_intelligence,-3.0,-2.0,2.0,-2.0,-3.0,-3.0,-3.0,,-3.0,-3.0
614b53c4e3ff9739cc026895,god,2.0,-3.0,3.0,3.0,3.0,2.0,-1.0,3.0,,3.0
614b53c4e3ff9739cc026895,computer,-3.0,-3.0,3.0,-3.0,-3.0,2.0,-3.0,3.0,-3.0,
61133b44c0f877a21f27c3ee,chimpanzee,,-1.0,2.0,1.0,3.0,1.0,-2.0,2.0,2.0,3.0
61133b44c0f877a21f27c3ee,jelly_fish,1.0,,2.0,1.0,3.0,1.0,-2.0,3.0,2.0,3.0
61133b44c0f877a21f27c3ee,autonomous_car,-2.0,-2.0,,-1.0,2.0,-1.0,-2.0,1.0,1.0,1.0
61133b44c0f877a21f27c3ee,virus,-1.0,-1.0,1.0,,2.0,-1.0,-3.0,2.0,1.0,2.0
61133b44c0f877a21f27c3ee,human,-3.0,-3.0,-2.0,-2.0,,-2.0,-3.0,-2.0,1.0,-2.0
61133b44c0f877a21f27c3ee,robot,-1.0,-1.0,1.0,1.0,2.0,,-3.0,1.0,1.0,1.0
61133b44c0f877a21f27c3ee,rock,2.0,2.0,2.0,3.0,3.0,3.0,,3.0,3.0,3.0
61133b44c0f877a21f27c3ee,artificial_intelligence,-2.0,-3.0,-1.0,-2.0,2.0,-1.0,-3.0,,1.0,1.0
61133b44c0f877a21f27c3ee,god,-2.0,-2.0,-1.0,-1.0,-1.0,-1.0,-3.0,-1.0,,-2.0
61133b44c0f877a21f27c3ee,computer,-3.0,-3.0,-1.0,-2.0,2.0,-1.0,-3.0,-1.0,2.0,
61088dc29d639b015d4cd918,chimpanzee,,-1.0,-2.0,-2.0,2.0,-2.0,-3.0,-2.0,3.0,-2.0
61088dc29d639b015d4cd918,jelly_fish,1.0,,-2.0,-1.0,2.0,-2.0,-3.0,-2.0,3.0,-2.0
61088dc29d639b015d4cd918,autonomous_car,2.0,2.0,,1.0,2.0,-1.0,-1.0,-1.0,3.0,-1.0
61088dc29d639b015d4cd918,virus,2.0,1.0,-1.0,,2.0,-1.0,-3.0,-1.0,3.0,-1.0
61088dc29d639b015d4cd918,human,-2.0,-2.0,-2.0,-2.0,,-2.0,-3.0,-2.0,3.0,-2.0
61088dc29d639b015d4cd918,robot,2.0,2.0,1.0,1.0,2.0,,-3.0,1.0,3.0,-1.0
61088dc29d639b015d4cd918,rock,3.0,3.0,1.0,3.0,3.0,3.0,,1.0,3.0,1.0
61088dc29d639b015d4cd918,artificial_intelligence,2.0,2.0,1.0,1.0,2.0,-1.0,-1.0,,3.0,-1.0
61088dc29d639b015d4cd918,god,-3.0,-3.0,-3.0,-3.0,-3.0,-3.0,-3.0,-3.0,,-3.0
61088dc29d639b015d4cd918,computer,2.0,2.0,1.0,1.0,2.0,1.0,-1.0,1.0,3.0,
6175b756491e339b289ca959,chimpanzee,,-2.0,-2.0,-2.0,1.0,-2.0,-2.0,-2.0,-1.0,-2.0
6175b756491e339b289ca959,jelly_fish,2.0,,-1.0,-1.0,2.0,-1.0,-1.0,-1.0,-1.0,-1.0
6175b756491e339b289ca959,autonomous_car,2.0,1.0,,-2.0,3.0,2.0,-2.0,-1.0,-1.0,-1.0
6175b756491e339b289ca959,virus,2.0,1.0,2.0,,3.0,1.0,-1.0,-1.0,-1.0,-1.0
6175b756491e339b289ca959,human,-1.0,-2.0,-3.0,-3.0,,-2.0,-3.0,-2.0,-3.0,-3.0
6175b756491e339b289ca959,robot,2.0,1.0,-2.0,-1.0,2.0,,-1.0,-1.0,-1.0,-2.0
6175b756491e339b289ca959,rock,2.0,1.0,2.0,1.0,3.0,1.0,,1.0,-1.0,2.0
6175b756491e339b289ca959,artificial_intelligence,2.0,1.0,1.0,1.0,2.0,1.0,-1.0,,-1.0,-2.0
6175b756491e339b289ca959,god,1.0,1.0,1.0,1.0,3.0,1.0,1.0,1.0,,1.0
6175b756491e339b289ca959,computer,2.0,1.0,1.0,1.0,3.0,2.0,-2.0,2.0,-1.0,
60ad33772c5d282d6a2021e8,chimpanzee,,-2.0,2.0,2.0,2.0,2.0,-2.0,2.0,2.0,2.0
60ad33772c5d282d6a2021e8,jelly_fish,2.0,,2.0,2.0,2.0,2.0,-2.0,2.0,2.0,2.0
60ad33772c5d282d6a2021e8,autonomous_car,-2.0,-2.0,,2.0,-2.0,-2.0,-2.0,2.0,2.0,-2.0
60ad33772c5d282d6a2021e8,virus,-2.0,-2.0,-2.0,,-2.0,-2.0,-2.0,2.0,2.0,2.0
60ad33772c5d282d6a2021e8,human,-2.0,-2.0,2.0,2.0,,-2.0,-2.0,2.0,2.0,2.0
60ad33772c5d282d6a2021e8,robot,-2.0,-2.0,2.0,2.0,2.0,,-2.0,2.0,2.0,2.0
60ad33772c5d282d6a2021e8,rock,2.0,2.0,2.0,2.0,2.0,2.0,,2.0,2.0,2.0
60ad33772c5d282d6a2021e8,artificial_intelligence,-2.0,-2.0,-2.0,-2.0,-2.0,-2.0,-2.0,,2.0,-1.0
60ad33772c5d282d6a2021e8,god,-2.0,-2.0,-2.0,-2.0,-2.0,-2.0,-2.0,-2.0,,-2.0
60ad33772c5d282d6a2021e8,computer,-2.0,-2.0,2.0,-2.0,-2.0,-2.0,-2.0,1.0,2.0,
5d42a9f671d697001af667fc,chimpanzee,,-1.0,-2.0,-1.0,1.0,-1.0,-2.0,-2.0,-1.0,-1.0
5d42a9f671d697001af667fc,jelly_fish,1.0,,2.0,1.0,2.0,3.0,-2.0,2.0,-1.0,2.0
5d42a9f671d697001af667fc,autonomous_car,2.0,-2.0,,1.0,2.0,1.0,-2.0,-2.0,-1.0,2.0
5d42a9f671d697001af667fc,virus,1.0,-1.0,-1.0,,-1.0,2.0,-2.0,-1.0,-2.0,-2.0
5d42a9f671d697001af667fc,human,-1.0,-2.0,-2.0,1.0,,-2.0,-2.0,-3.0,-3.0,-2.0
5d42a9f671d697001af667fc,robot,1.0,-3.0,-1.0,-2.0,2.0,,-1.0,-1.0,-1.0,-2.0
5d42a9f671d697001af667fc,rock,2.0,2.0,2.0,2.0,2.0,1.0,,1.0,-2.0,3.0
5d42a9f671d697001af667fc,artificial_intelligence,2.0,-2.0,2.0,1.0,3.0,1.0,-1.0,,-1.0,2.0
5d42a9f671d697001af667fc,god,1.0,1.0,1.0,2.0,3.0,1.0,2.0,1.0,,1.0
5d42a9f671d697001af667fc,computer,1.0,-2.0,-2.0,2.0,2.0,2.0,-3.0,-2.0,-1.0,
613a639002c088d7e68b80a9,chimpanzee,,-2.0,1.0,2.0,2.0,2.0,-3.0,2.0,3.0,3.0
613a639002c088d7e68b80a9,jelly_fish,2.0,,1.0,-2.0,2.0,2.0,-1.0,2.0,2.0,2.0
613a639002c088d7e68b80a9,autonomous_car,-1.0,-1.0,,1.0,2.0,-1.0,-3.0,2.0,2.0,1.0
613a639002c088d7e68b80a9,virus,-2.0,2.0,-1.0,,-3.0,-2.0,-3.0,-3.0,2.0,-2.0
613a639002c088d7e68b80a9,human,-2.0,-2.0,-2.0,3.0,,-2.0,-3.0,-2.0,2.0,-2.0
613a639002c088d7e68b80a9,robot,-2.0,-2.0,1.0,2.0,2.0,,-3.0,-2.0,2.0,1.0
613a639002c088d7e68b80a9,rock,3.0,1.0,3.0,3.0,3.0,3.0,,3.0,2.0,3.0
613a639002c088d7e68b80a9,artificial_intelligence,-2.0,-2.0,-2.0,3.0,2.0,2.0,-3.0,,2.0,-1.0
613a639002c088d7e68b80a9,god,-3.0,-2.0,-2.0,-2.0,-2.0,-2.0,-2.0,-2.0,,-3.0
613a639002c088d7e68b80a9,computer,-3.0,-2.0,-1.0,2.0,2.0,-1.0,-3.0,1.0,3.0,
5ed91f1e9c985546085a116f,chimpanzee,,-2.0,2.0,-1.0,3.0,2.0,-2.0,2.0,3.0,1.0
5ed91f1e9c985546085a116f,jelly_fish,2.0,,2.0,-1.0,3.0,2.0,-2.0,2.0,3.0,3.0
5ed91f1e9c985546085a116f,autonomous_car,-2.0,-2.0,,-2.0,2.0,-2.0,-3.0,1.0,2.0,-1.0
5ed91f1e9c985546085a116f,virus,1.0,1.0,2.0,,2.0,2.0,-2.0,1.0,2.0,1.0
5ed91f1e9c985546085a116f,human,-3.0,-3.0,-2.0,-2.0,,-1.0,-3.0,-2.0,1.0,-1.0
5ed91f1e9c985546085a116f,robot,-2.0,-2.0,2.0,-2.0,1.0,,-2.0,-1.0,2.0,-1.0
5ed91f1e9c985546085a116f,rock,2.0,2.0,3.0,2.0,3.0,2.0,,3.0,3.0,3.0
5ed91f1e9c985546085a116f,artificial_intelligence,-2.0,-2.0,-1.0,-1.0,2.0,1.0,-3.0,,2.0,-2.0
5ed91f1e9c985546085a116f,god,-3.0,-3.0,-2.0,-2.0,-1.0,-2.0,-3.0,-2.0,,-2.0
5ed91f1e9c985546085a116f,computer,-1.0,-3.0,1.0,-1.0,1.0,1.0,-3.0,2.0,2.0,
6131cf33d4b5c450b104ca9e,chimpanzee,,-1.0,1.0,2.0,3.0,2.0,2.0,1.0,1.0,2.0
6131cf33d4b5c450b104ca9e,jelly_fish,1.0,,1.0,2.0,2.0,2.0,1.0,-2.0,1.0,1.0
6131cf33d4b5c450b104ca9e,autonomous_car,-1.0,-1.0,,2.0,2.0,1.0,2.0,-1.0,1.0,1.0
6131cf33d4b5c450b104ca9e,virus,-2.0,-2.0,-2.0,,1.0,1.0,2.0,-2.0,2.0,-2.0
6131cf33d4b5c450b104ca9e,human,-3.0,-2.0,-2.0,-1.0,,-3.0,-2.0,-2.0,-3.0,-2.0
6131cf33d4b5c450b104ca9e,robot,-2.0,-2.0,-1.0,-1.0,3.0,,2.0,-2.0,2.0,2.0
6131cf33d4b5c450b104ca9e,rock,-2.0,-1.0,-2.0,-2.0,2.0,-2.0,,-1.0,-2.0,2.0
6131cf33d4b5c450b104ca9e,artificial_intelligence,-1.0,2.0,1.0,2.0,2.0,2.0,1.0,,3.0,1.0
6131cf33d4b5c450b104ca9e,god,-1.0,-1.0,-1.0,-2.0,3.0,-2.0,2.0,-3.0,,-2.0
6131cf33d4b5c450b104ca9e,computer,-2.0,-1.0,-1.0,2.0,2.0,-2.0,-2.0,-1.0,2.0,
6141bdf9ebdc730adcc8d332,chimpanzee,,3.0,-3.0,3.0,3.0,-3.0,-3.0,3.0,3.0,3.0
6141bdf9ebdc730adcc8d332,jelly_fish,-3.0,,-3.0,-3.0,3.0,-3.0,-3.0,-3.0,3.0,3.0
6141bdf9ebdc730adcc8d332,autonomous_car,3.0,3.0,,3.0,3.0,-3.0,-3.0,3.0,3.0,3.0
6141bdf9ebdc730adcc8d332,virus,-3.0,3.0,-3.0,,3.0,-3.0,-3.0,-3.0,3.0,-3.0
6141bdf9ebdc730adcc8d332,human,-3.0,-3.0,-3.0,-3.0,,-3.0,-3.0,-3.0,3.0,-3.0
6141bdf9ebdc730adcc8d332,robot,3.0,3.0,3.0,3.0,3.0,,-3.0,3.0,3.0,3.0
6141bdf9ebdc730adcc8d332,rock,3.0,3.0,3.0,3.0,3.0,3.0,,3.0,3.0,3.0
6141bdf9ebdc730adcc8d332,artificial_intelligence,-3.0,3.0,-3.0,3.0,3.0,-3.0,-3.0,,3.0,3.0
6141bdf9ebdc730adcc8d332,god,-3.0,-3.0,-3.0,-3.0,-3.0,-3.0,-3.0,-3.0,,-3.0
6141bdf9ebdc730adcc8d332,computer,-3.0,-3.0,-3.0,3.0,3.0,-3.0,-3.0,-3.0,3.0,
5ebc6f18c323480b94409c78,chimpanzee,,-2.0,2.0,2.0,2.0,2.0,-2.0,3.0,3.0,2.0
5ebc6f18c323480b94409c78,jelly_fish,2.0,,2.0,1.0,3.0,2.0,-1.0,3.0,3.0,3.0
5ebc6f18c323480b94409c78,autonomous_car,-2.0,-2.0,,2.0,2.0,2.0,-3.0,2.0,2.0,2.0
5ebc6f18c323480b94409c78,virus,-2.0,-1.0,-2.0,,2.0,2.0,-2.0,2.0,2.0,2.0
5ebc6f18c323480b94409c78,human,-2.0,-3.0,-2.0,-2.0,,-2.0,-2.0,2.0,-2.0,1.0
5ebc6f18c323480b94409c78,robot,-2.0,-2.0,-2.0,-2.0,2.0,,-2.0,2.0,2.0,-2.0
5ebc6f18c323480b94409c78,rock,2.0,1.0,3.0,2.0,2.0,2.0,,2.0,3.0,3.0
5ebc6f18c323480b94409c78,artificial_intelligence,-3.0,-3.0,-2.0,-2.0,-2.0,-2.0,-2.0,,2.0,-2.0
5ebc6f18c323480b94409c78,god,-3.0,-3.0,-2.0,-2.0,2.0,-2.0,-3.0,-2.0,,-2.0
5ebc6f18c323480b94409c78,computer,-2.0,-3.0,-2.0,-2.0,-1.0,2.0,-3.0,2.0,2.0,
613eba54614a8826b829b734,chimpanzee,,-1.0,1.0,1.0,3.0,-1.0,1.0,1.0,-1.0,3.0
613eba54614a8826b829b734,jelly_fish,1.0,,2.0,1.0,3.0,3.0,1.0,1.0,3.0,-1.0
613eba54614a8826b829b734,autonomous_car,-1.0,-2.0,,1.0,3.0,1.0,-1.0,-3.0,1.0,-1.0
613eba54614a8826b829b734,virus,-1.0,-1.0,-1.0,,3.0,1.0,-1.0,1.0,1.0,3.0
613eba54614a8826b829b734,human,-3.0,-3.0,-3.0,-3.0,,1.0,-3.0,-3.0,-3.0,-2.0
613eba54614a8826b829b734,robot,1.0,-3.0,-1.0,-1.0,-1.0,,-3.0,2.0,-1.0,1.0
613eba54614a8826b829b734,rock,-1.0,-1.0,1.0,1.0,3.0,3.0,,-2.0,1.0,3.0
613eba54614a8826b829b734,artificial_intelligence,-1.0,-1.0,3.0,-1.0,3.0,-2.0,2.0,,-1.0,3.0
613eba54614a8826b829b734,god,1.0,-3.0,-1.0,-1.0,3.0,1.0,-1.0,1.0,,1.0
613eba54614a8826b829b734,computer,-3.0,1.0,1.0,-3.0,2.0,-1.0,-3.0,-3.0,-1.0,
601f3d6a08d6ec47b04ca28a,chimpanzee,,-2.0,2.0,-1.0,2.0,-1.0,-2.0,1.0,-2.0,-1.0
601f3d6a08d6ec47b04ca28a,jelly_fish,2.0,,2.0,1.0,1.0,2.0,-2.0,3.0,-1.0,2.0
601f3d6a08d6ec47b04ca28a,autonomous_car,-2.0,-2.0,,1.0,2.0,-1.0,-1.0,2.0,-1.0,1.0
601f3d6a08d6ec47b04ca28a,virus,1.0,-1.0,-1.0,,2.0,-1.0,-1.0,-1.0,-1.0,2.0
601f3d6a08d6ec47b04ca28a,human,-2.0,-1.0,-2.0,-2.0,,-1.0,-2.0,-1.0,-2.0,-2.0
601f3d6a08d6ec47b04ca28a,robot,1.0,-2.0,1.0,1.0,1.0,,-1.0,1.0,-2.0,-1.0
601f3d6a08d6ec47b04ca28a,rock,2.0,2.0,1.0,1.0,2.0,1.0,,2.0,1.0,2.0
601f3d6a08d6ec47b04ca28a,artificial_intelligence,-1.0,-3.0,-2.0,1.0,1.0,-1.0,-2.0,,-2.0,-2.0
601f3d6a08d6ec47b04ca28a,god,2.0,1.0,1.0,1.0,2.0,2.0,-1.0,2.0,,2.0
601f3d6a08d6ec47b04ca28a,computer,1.0,-2.0,-1.0,-2.0,2.0,1.0,-2.0,2.0,-2.0,
611ae4c41ac95c70c7d2e67b,chimpanzee,,-1.0,-3.0,-1.0,1.0,-3.0,-3.0,-1.0,-3.0,-2.0
611ae4c41ac95c70c7d2e67b,jelly_fish,1.0,,-3.0,-1.0,2.0,-2.0,-3.0,-2.0,-3.0,-2.0
611ae4c41ac95c70c7d2e67b,autonomous_car,3.0,3.0,,2.0,3.0,-1.0,-1.0,1.0,1.0,-1.0
611ae4c41ac95c70c7d2e67b,virus,1.0,1.0,-2.0,,2.0,1.0,-1.0,-1.0,1.0,-1.0
611ae4c41ac95c70c7d2e67b,human,-1.0,-2.0,-3.0,-2.0,,-3.0,-3.0,-3.0,-3.0,-3.0
611ae4c41ac95c70c7d2e67b,robot,3.0,2.0,1.0,-1.0,3.0,,-1.0,-1.0,-1.0,-1.0
611ae4c41ac95c70c7d2e67b,rock,3.0,3.0,1.0,1.0,3.0,1.0,,1.0,-1.0,1.0
611ae4c41ac95c70c7d2e67b,artificial_intelligence,1.0,2.0,-1.0,1.0,3.0,1.0,-1.0,,-1.0,-1.0
611ae4c41ac95c70c7d2e67b,god,3.0,3.0,-1.0,-1.0,3.0,1.0,1.0,1.0,,-1.0
611ae4c41ac95c70c7d2e67b,computer,2.0,2.0,1.0,1.0,3.0,1.0,-1.0,1.0,1.0,
5c38642b1ede2b0001156a1b,chimpanzee,,-1.0,2.0,3.0,2.0,2.0,2.0,3.0,-1.0,2.0
5c38642b1ede2b0001156a1b,jelly_fish,1.0,,3.0,2.0,2.0,2.0,2.0,2.0,2.0,3.0
5c38642b1ede2b0001156a1b,autonomous_car,-2.0,-3.0,,-3.0,-2.0,-2.0,-3.0,3.0,-2.0,-2.0
5c38642b1ede2b0001156a1b,virus,-3.0,-2.0,3.0,,2.0,3.0,-1.0,2.0,-1.0,3.0
5c38642b1ede2b0001156a1b,human,-2.0,-2.0,2.0,-2.0,,-2.0,-3.0,-3.0,-3.0,2.0
5c38642b1ede2b0001156a1b,robot,-2.0,-2.0,2.0,-3.0,2.0,,-2.0,3.0,-2.0,3.0
5c38642b1ede2b0001156a1b,rock,-2.0,-2.0,3.0,1.0,3.0,2.0,,3.0,-1.0,3.0
5c38642b1ede2b0001156a1b,artificial_intelligence,-3.0,-2.0,-3.0,-2.0,3.0,-3.0,-3.0,,-1.0,1.0
5c38642b1ede2b0001156a1b,god,1.0,-2.0,2.0,1.0,3.0,2.0,1.0,1.0,,3.0
5c38642b1ede2b0001156a1b,computer,-2.0,-3.0,2.0,-3.0,-2.0,-3.0,-3.0,-1.0,-3.0,
6163f0438cdf8e3d44667f2f,chimpanzee,,-2.0,1.0,-1.0,2.0,2.0,1.0,1.0,-1.0,2.0
6163f0438cdf8e3d44667f2f,jelly_fish,2.0,,2.0,1.0,2.0,2.0,-1.0,1.0,2.0,2.0
6163f0438cdf8e3d44667f2f,autonomous_car,-1.0,-2.0,,-1.0,2.0,2.0,-2.0,2.0,-1.0,2.0
6163f0438cdf8e3d44667f2f,virus,1.0,-1.0,1.0,,1.0,1.0,-1.0,2.0,1.0,1.0
6163f0438cdf8e3d44667f2f,human,-2.0,-2.0,-2.0,-1.0,,-2.0,-2.0,-1.0,-2.0,-1.0
6163f0438cdf8e3d44667f2f,robot,-2.0,-2.0,-2.0,-1.0,2.0,,-2.0,2.0,-1.0,2.0
6163f0438cdf8e3d44667f2f,rock,-1.0,1.0,2.0,1.0,2.0,2.0,,2.0,-1.0,2.0
6163f0438cdf8e3d44667f2f,artificial_intelligence,-1.0,-1.0,-2.0,-2.0,1.0,-2.0,-2.0,,-2.0,-2.0
6163f0438cdf8e3d44667f2f,god,1.0,-2.0,1.0,-1.0,2.0,1.0,1.0,2.0,,1.0
6163f0438cdf8e3d44667f2f,computer,-2.0,-2.0,-2.0,-1.0,1.0,-2.0,-2.0,2.0,-1.0,
60f56f0103876eae7c0d870f,chimpanzee,,-2.0,-3.0,-2.0,3.0,-2.0,-2.0,-2.0,1.0,-2.0
60f56f0103876eae7c0d870f,jelly_fish,2.0,,-2.0,-1.0,2.0,-1.0,-2.0,-2.0,3.0,-2.0
60f56f0103876eae7c0d870f,autonomous_car,3.0,2.0,,1.0,2.0,1.0,1.0,1.0,2.0,2.0
60f56f0103876eae7c0d870f,virus,2.0,1.0,-1.0,,3.0,1.0,-1.0,2.0,2.0,1.0
60f56f0103876eae7c0d870f,human,-3.0,-2.0,-2.0,-3.0,,3.0,-3.0,-3.0,-1.0,-2.0
60f56f0103876eae7c0d870f,robot,2.0,1.0,-1.0,-1.0,-3.0,,-2.0,-1.0,-2.0,-1.0
60f56f0103876eae7c0d870f,rock,2.0,2.0,-1.0,1.0,3.0,2.0,,1.0,3.0,1.0
60f56f0103876eae7c0d870f,artificial_intelligence,2.0,2.0,-1.0,-2.0,3.0,1.0,-1.0,,3.0,-1.0
60f56f0103876eae7c0d870f,god,-1.0,-3.0,-2.0,-2.0,1.0,2.0,-3.0,-3.0,,-2.0
60f56f0103876eae7c0d870f,computer,2.0,2.0,-2.0,-1.0,2.0,1.0,-1.0,1.0,2.0,
6166ef334de9e433e83bfb79,chimpanzee,,-2.0,2.0,2.0,3.0,2.0,-2.0,2.0,3.0,2.0
6166ef334de9e433e83bfb79,jelly_fish,2.0,,2.0,2.0,2.0,2.0,1.0,2.0,3.0,2.0
6166ef334de9e433e83bfb79,autonomous_car,-2.0,-2.0,,2.0,3.0,-1.0,-2.0,2.0,3.0,2.0
6166ef334de9e433e83bfb79,virus,-2.0,-2.0,-2.0,,3.0,2.0,-1.0,2.0,3.0,2.0
6166ef334de9e433e83bfb79,human,-3.0,-2.0,-3.0,-3.0,,-2.0,-3.0,-3.0,3.0,2.0
6166ef334de9e433e83bfb79,robot,-2.0,-2.0,1.0,-2.0,2.0,,-2.0,1.0,3.0,-2.0
6166ef334de9e433e83bfb79,rock,2.0,-1.0,2.0,1.0,3.0,2.0,,2.0,3.0,2.0
6166ef334de9e433e83bfb79,artificial_intelligence,-2.0,-2.0,-2.0,-2.0,3.0,-1.0,-2.0,,3.0,-2.0
6166ef334de9e433e83bfb79,god,-3.0,-3.0,-3.0,-3.0,-3.0,-3.0,-3.0,-3.0,,-3.0
6166ef334de9e433e83bfb79,computer,-2.0,-2.0,-2.0,-2.0,-2.0,2.0,-2.0,2.0,3.0,
60143a1a222eb43daf203877,chimpanzee,,-3.0,2.0,-2.0,3.0,2.0,-3.0,3.0,3.0,3.0
60143a1a222eb43daf203877,jelly_fish,3.0,,3.0,-2.0,3.0,3.0,-1.0,3.0,3.0,3.0
60143a1a222eb43daf203877,autonomous_car,-2.0,-3.0,,-2.0,-2.0,-1.0,-3.0,1.0,-2.0,-1.0
60143a1a222eb43daf203877,virus,2.0,2.0,2.0,,2.0,3.0,-2.0,3.0,2.0,2.0
60143a1a222eb43daf203877,human,-3.0,-3.0,2.0,-2.0,,3.0,-3.0,2.0,3.0,3.0
60143a1a222eb43daf203877,robot,-2.0,-3.0,1.0,-3.0,-3.0,,-3.0,1.0,-1.0,-1.0
60143a1a222eb43daf203877,rock,3.0,1.0,3.0,2.0,3.0,3.0,,2.0,3.0,3.0
60143a1a222eb43daf203877,artificial_intelligence,-3.0,-3.0,-1.0,-3.0,-2.0,-1.0,-2.0,,-2.0,3.0
60143a1a222eb43daf203877,god,-3.0,-3.0,2.0,-2.0,-3.0,1.0,-3.0,2.0,,2.0
60143a1a222eb43daf203877,computer,-3.0,-3.0,1.0,-2.0,-3.0,1.0,-3.0,-3.0,-2.0,
615ddcbe6b2ef828956206f5,chimpanzee,,-2.0,2.0,3.0,1.0,2.0,1.0,3.0,1.0,2.0
615ddcbe6b2ef828956206f5,jelly_fish,2.0,,1.0,1.0,1.0,2.0,1.0,2.0,3.0,2.0
615ddcbe6b2ef828956206f5,autonomous_car,-2.0,-1.0,,-1.0,-1.0,2.0,-1.0,2.0,-1.0,2.0
615ddcbe6b2ef828956206f5,virus,-3.0,-1.0,1.0,,-2.0,-2.0,2.0,2.0,1.0,2.0
615ddcbe6b2ef828956206f5,human,-1.0,-1.0,1.0,2.0,,3.0,1.0,3.0,2.0,2.0
615ddcbe6b2ef828956206f5,robot,-2.0,-2.0,-2.0,2.0,-3.0,,-2.0,3.0,-2.0,2.0
615ddcbe6b2ef828956206f5,rock,-1.0,-1.0,1.0,-2.0,-1.0,2.0,,2.0,-1.0,2.0
615ddcbe6b2ef828956206f5,artificial_intelligence,-3.0,-2.0,-2.0,-2.0,-3.0,-3.0,-2.0,,-2.0,-2.0
615ddcbe6b2ef828956206f5,god,-1.0,-3.0,1.0,-1.0,-2.0,2.0,1.0,2.0,,3.0
615ddcbe6b2ef828956206f5,computer,-2.0,-2.0,-2.0,-2.0,-2.0,-2.0,-2.0,2.0,-3.0,
5fb4f660e7d1522e042020df,chimpanzee,,-2.0,-2.0,-3.0,1.0,-2.0,-3.0,-3.0,3.0,-3.0
5fb4f660e7d1522e042020df,jelly_fish,2.0,,-2.0,-3.0,3.0,-1.0,-3.0,-2.0,3.0,-3.0
5fb4f660e7d1522e042020df,autonomous_car,2.0,2.0,,-3.0,3.0,-2.0,-3.0,-2.0,3.0,-3.0
5fb4f660e7d1522e042020df,virus,3.0,3.0,3.0,,3.0,3.0,-2.0,3.0,3.0,-1.0
5fb4f660e7d1522e042020df,human,-1.0,-3.0,-3.0,-3.0,,-2.0,-3.0,-3.0,3.0,-3.0
5fb4f660e7d1522e042020df,robot,2.0,1.0,2.0,-3.0,2.0,,-3.0,-2.0,3.0,-2.0
5fb4f660e7d1522e042020df,rock,3.0,3.0,3.0,2.0,3.0,3.0,,3.0,3.0,1.0
5fb4f660e7d1522e042020df,artificial_intelligence,3.0,2.0,2.0,-3.0,3.0,2.0,-3.0,,3.0,-3.0
5fb4f660e7d1522e042020df,god,-3.0,-3.0,-3.0,-3.0,-3.0,-3.0,-3.0,-3.0,,-3.0
5fb4f660e7d1522e042020df,computer,3.0,3.0,3.0,1.0,3.0,2.0,-1.0,3.0,3.0,
60ff113dd2eee15e8f4dfeee,chimpanzee,,-3.0,-3.0,-2.0,3.0,-3.0,-3.0,-1.0,3.0,-3.0
60ff113dd2eee15e8f4dfeee,jelly_fish,3.0,,-3.0,-2.0,3.0,-2.0,-2.0,-2.0,2.0,-3.0
60ff113dd2eee15e8f4dfeee,autonomous_car,3.0,3.0,,2.0,3.0,2.0,-2.0,2.0,3.0,2.0
60ff113dd2eee15e8f4dfeee,virus,2.0,2.0,-2.0,,3.0,-1.0,-3.0,-2.0,-2.0,-2.0
60ff113dd2eee15e8f4dfeee,human,-3.0,-3.0,-3.0,-3.0,,-3.0,-3.0,-3.0,-3.0,-2.0
60ff113dd2eee15e8f4dfeee,robot,3.0,2.0,-2.0,1.0,3.0,,-2.0,1.0,3.0,-1.0
60ff113dd2eee15e8f4dfeee,rock,3.0,2.0,2.0,3.0,3.0,2.0,,3.0,3.0,1.0
60ff113dd2eee15e8f4dfeee,artificial_intelligence,1.0,2.0,-2.0,2.0,3.0,-1.0,-3.0,,3.0,-1.0
60ff113dd2eee15e8f4dfeee,god,-3.0,-2.0,-3.0,2.0,3.0,-3.0,-3.0,-3.0,,-1.0
60ff113dd2eee15e8f4dfeee,computer,3.0,3.0,-2.0,2.0,2.0,1.0,-1.0,1.0,1.0,
613d398018d33fdb9701ed19,chimpanzee,,-2.0,2.0,-2.0,2.0,-2.0,-2.0,-2.0,2.0,-2.0
613d398018d33fdb9701ed19,jelly_fish,2.0,,2.0,-2.0,2.0,2.0,-2.0,-2.0,2.0,-2.0
613d398018d33fdb9701ed19,autonomous_car,-2.0,-2.0,,2.0,1.0,-2.0,-2.0,2.0,2.0,-2.0
613d398018d33fdb9701ed19,virus,2.0,2.0,-2.0,,-2.0,-2.0,-2.0,-2.0,2.0,-2.0
613d398018d33fdb9701ed19,human,-2.0,-2.0,-1.0,2.0,,-2.0,-2.0,-2.0,-2.0,-2.0
613d398018d33fdb9701ed19,robot,2.0,-2.0,2.0,2.0,2.0,,-2.0,-2.0,2.0,2.0
613d398018d33fdb9701ed19,rock,2.0,2.0,2.0,2.0,2.0,2.0,,2.0,2.0,2.0
613d398018d33fdb9701ed19,artificial_intelligence,2.0,2.0,-2.0,2.0,2.0,2.0,-2.0,,2.0,-2.0
613d398018d33fdb9701ed19,god,-2.0,-2.0,-2.0,-2.0,2.0,-2.0,-2.0,-2.0,,-2.0
613d398018d33fdb9701ed19,computer,2.0,2.0,2.0,2.0,2.0,-2.0,-2.0,2.0,2.0,
5ddedc1ac5faa2e4d356d45d,chimpanzee,,-2.0,3.0,-2.0,1.0,2.0,-2.0,3.0,3.0,2.0
5ddedc1ac5faa2e4d356d45d,jelly_fish,2.0,,3.0,1.0,3.0,3.0,-2.0,3.0,3.0,3.0
5ddedc1ac5faa2e4d356d45d,autonomous_car,-3.0,-3.0,,-3.0,-3.0,2.0,-3.0,3.0,3.0,3.0
5ddedc1ac5faa2e4d356d45d,virus,2.0,-1.0,3.0,,2.0,3.0,-2.0,2.0,2.0,3.0
5ddedc1ac5faa2e4d356d45d,human,-1.0,-3.0,3.0,-2.0,,2.0,-3.0,2.0,3.0,3.0
5ddedc1ac5faa2e4d356d45d,robot,-2.0,-3.0,-2.0,-3.0,-2.0,,-3.0,3.0,3.0,1.0
5ddedc1ac5faa2e4d356d45d,rock,2.0,2.0,3.0,2.0,3.0,3.0,,3.0,3.0,3.0
5ddedc1ac5faa2e4d356d45d,artificial_intelligence,-3.0,-3.0,-3.0,-2.0,-2.0,-3.0,-3.0,,3.0,-3.0
5ddedc1ac5faa2e4d356d45d,god,-3.0,-3.0,-3.0,-2.0,-3.0,-3.0,-3.0,-3.0,,-2.0
5ddedc1ac5faa2e4d356d45d,computer,-2.0,-3.0,-3.0,-3.0,-3.0,-1.0,-3.0,3.0,2.0,
6107a72fb967e5834664701f,chimpanzee,,-1.0,2.0,2.0,3.0,3.0,-1.0,3.0,2.0,3.0
6107a72fb967e5834664701f,jelly_fish,1.0,,2.0,2.0,3.0,3.0,-1.0,3.0,2.0,3.0
6107a72fb967e5834664701f,autonomous_car,-2.0,-2.0,,-1.0,1.0,1.0,-3.0,1.0,-1.0,1.0
6107a72fb967e5834664701f,virus,-2.0,-2.0,1.0,,1.0,2.0,-2.0,2.0,1.0,2.0
6107a72fb967e5834664701f,human,-3.0,-3.0,-1.0,-1.0,,-1.0,-2.0,-2.0,-1.0,-1.0
6107a72fb967e5834664701f,robot,-3.0,-3.0,-1.0,-2.0,1.0,,-3.0,1.0,-1.0,1.0
6107a72fb967e5834664701f,rock,1.0,1.0,3.0,2.0,2.0,3.0,,3.0,3.0,3.0
6107a72fb967e5834664701f,artificial_intelligence,-3.0,-3.0,-1.0,-2.0,2.0,-1.0,-3.0,,-1.0,1.0
6107a72fb967e5834664701f,god,-2.0,-2.0,1.0,-1.0,1.0,1.0,-3.0,1.0,,1.0
6107a72fb967e5834664701f,computer,-3.0,-3.0,-1.0,-2.0,1.0,-1.0,-3.0,-1.0,-1.0,
5999ad2a0ed7ae0001991b57,chimpanzee,,-1.0,2.0,-1.0,2.0,1.0,-1.0,3.0,2.0,2.0
5999ad2a0ed7ae0001991b57,jelly_fish,1.0,,2.0,2.0,3.0,2.0,-2.0,2.0,2.0,2.0
5999ad2a0ed7ae0001991b57,autonomous_car,-2.0,-2.0,,-2.0,2.0,-2.0,-2.0,2.0,-2.0,-2.0
5999ad2a0ed7ae0001991b57,virus,1.0,-2.0,2.0,,2.0,2.0,-1.0,2.0,1.0,2.0
5999ad2a0ed7ae0001991b57,human,-2.0,-3.0,-2.0,-2.0,,-2.0,-2.0,2.0,-2.0,-2.0
5999ad2a0ed7ae0001991b57,robot,-1.0,-2.0,2.0,-2.0,2.0,,-2.0,2.0,-2.0,2.0
5999ad2a0ed7ae0001991b57,rock,1.0,2.0,2.0,1.0,2.0,2.0,,2.0,1.0,2.0
5999ad2a0ed7ae0001991b57,artificial_intelligence,-3.0,-2.0,-2.0,-2.0,-2.0,-2.0,-2.0,,-2.0,-2.0
5999ad2a0ed7ae0001991b57,god,-2.0,-2.0,2.0,-1.0,2.0,2.0,-1.0,2.0,,-2.0
5999ad2a0ed7ae0001991b57,computer,-2.0,-2.0,2.0,-2.0,2.0,-2.0,-2.0,2.0,2.0,
613e0db08ed0a1b88e057a44,chimpanzee,,-1.0,-2.0,-2.0,2.0,-2.0,-3.0,2.0,2.0,-2.0
613e0db08ed0a1b88e057a44,jelly_fish,1.0,,-2.0,-1.0,1.0,-1.0,-2.0,-2.0,1.0,-1.0
613e0db08ed0a1b88e057a44,autonomous_car,2.0,2.0,,-2.0,2.0,-2.0,-1.0,-1.0,-2.0,2.0
613e0db08ed0a1b88e057a44,virus,2.0,1.0,2.0,,1.0,1.0,-1.0,1.0,1.0,-1.0
613e0db08ed0a1b88e057a44,human,-2.0,-1.0,-2.0,-1.0,,-2.0,-2.0,-1.0,-2.0,-1.0
613e0db08ed0a1b88e057a44,robot,2.0,1.0,2.0,-1.0,2.0,,-2.0,1.0,1.0,1.0
613e0db08ed0a1b88e057a44,rock,3.0,2.0,1.0,1.0,2.0,2.0,,2.0,1.0,2.0
613e0db08ed0a1b88e057a44,artificial_intelligence,-2.0,2.0,1.0,-1.0,1.0,-1.0,-2.0,,-2.0,1.0
613e0db08ed0a1b88e057a44,god,-2.0,-1.0,2.0,-1.0,2.0,-1.0,-1.0,2.0,,-2.0
613e0db08ed0a1b88e057a44,computer,2.0,1.0,-2.0,1.0,1.0,-1.0,-2.0,-1.0,2.0,
5f20df2af5d0c24208c88315,chimpanzee,,-2.0,-3.0,-1.0,2.0,-2.0,-3.0,-1.0,1.0,-2.0
5f20df2af5d0c24208c88315,jelly_fish,2.0,,-1.0,1.0,3.0,-1.0,-2.0,1.0,2.0,-1.0
5f20df2af5d0c24208c88315,autonomous_car,3.0,1.0,,1.0,3.0,-1.0,-1.0,2.0,2.0,1.0
5f20df2af5d0c24208c88315,virus,1.0,-1.0,-1.0,,2.0,-1.0,-2.0,1.0,2.0,-1.0
5f20df2af5d0c24208c88315,human,-2.0,-3.0,-3.0,-2.0,,-2.0,-3.0,-1.0,-1.0,-2.0
5f20df2af5d0c24208c88315,robot,2.0,1.0,1.0,1.0,2.0,,-1.0,2.0,2.0,-1.0
5f20df2af5d0c24208c88315,rock,3.0,2.0,1.0,2.0,3.0,1.0,,1.0,3.0,2.0
5f20df2af5d0c24208c88315,artificial_intelligence,1.0,-1.0,-2.0,-1.0,1.0,-2.0,-1.0,,1.0,-2.0
5f20df2af5d0c24208c88315,god,-1.0,-2.0,-2.0,-2.0,1.0,-2.0,-3.0,-1.0,,-2.0
5f20df2af5d0c24208c88315,computer,2.0,1.0,-1.0,1.0,2.0,1.0,-2.0,2.0,2.0,
5e95b5ae0295ea01d7ce532b,chimpanzee,,1.0,2.0,2.0,3.0,2.0,-1.0,-1.0,-1.0,-1.0
5e95b5ae0295ea01d7ce532b,jelly_fish,-1.0,,2.0,2.0,2.0,1.0,-1.0,1.0,-1.0,2.0
5e95b5ae0295ea01d7ce532b,autonomous_car,-2.0,-2.0,,2.0,2.0,-2.0,-2.0,-1.0,-2.0,-2.0
5e95b5ae0295ea01d7ce532b,virus,-2.0,-2.0,-2.0,,-2.0,-2.0,-2.0,-2.0,-2.0,-2.0
5e95b5ae0295ea01d7ce532b,human,-3.0,-2.0,-2.0,2.0,,-2.0,-2.0,-2.0,-2.0,-2.0
5e95b5ae0295ea01d7ce532b,robot,-2.0,-1.0,2.0,2.0,2.0,,-2.0,-1.0,-1.0,-2.0
5e95b5ae0295ea01d7ce532b,rock,1.0,1.0,2.0,2.0,2.0,2.0,,2.0,1.0,2.0
5e95b5ae0295ea01d7ce532b,artificial_intelligence,1.0,-1.0,1.0,2.0,2.0,1.0,-2.0,,-2.0,1.0
5e95b5ae0295ea01d7ce532b,god,1.0,1.0,2.0,2.0,2.0,1.0,-1.0,2.0,,2.0
5e95b5ae0295ea01d7ce532b,computer,1.0,-2.0,2.0,2.0,2.0,2.0,-2.0,-1.0,-2.0,
5e307a080551ae02939239f3,chimpanzee,,-1.0,2.0,-2.0,3.0,2.0,-2.0,2.0,3.0,2.0
5e307a080551ae02939239f3,jelly_fish,1.0,,2.0,-1.0,3.0,-1.0,-1.0,2.0,3.0,2.0
5e307a080551ae02939239f3,autonomous_car,-2.0,-2.0,,-3.0,3.0,2.0,-3.0,-2.0,3.0,2.0
5e307a080551ae02939239f3,virus,2.0,1.0,3.0,,3.0,3.0,2.0,2.0,3.0,3.0
5e307a080551ae02939239f3,human,-3.0,-3.0,-3.0,-3.0,,-3.0,-3.0,-3.0,-3.0,-3.0
5e307a080551ae02939239f3,robot,-2.0,1.0,-2.0,-3.0,3.0,,-2.0,-1.0,3.0,3.0
5e307a080551ae02939239f3,rock,2.0,1.0,3.0,-2.0,3.0,2.0,,1.0,3.0,3.0
5e307a080551ae02939239f3,artificial_intelligence,-2.0,-2.0,2.0,-2.0,3.0,1.0,-1.0,,2.0,3.0
5e307a080551ae02939239f3,god,-3.0,-3.0,-3.0,-3.0,3.0,-3.0,-3.0,-2.0,,-3.0
5e307a080551ae02939239f3,computer,-2.0,-2.0,-2.0,-3.0,3.0,-3.0,-3.0,-3.0,3.0,
60339afe243dc403d0e2eab1,chimpanzee,,-2.0,-2.0,-2.0,2.0,-2.0,-3.0,-2.0,2.0,-2.0
60339afe243dc403d0e2eab1,jelly_fish,2.0,,-1.0,-1.0,2.0,-1.0,-2.0,-1.0,3.0,-1.0
60339afe243dc403d0e2eab1,autonomous_car,2.0,1.0,,1.0,2.0,1.0,-3.0,1.0,3.0,2.0
60339afe243dc403d0e2eab1,virus,2.0,1.0,-1.0,,3.0,-1.0,-3.0,-1.0,3.0,-2.0
60339afe243dc403d0e2eab1,human,-2.0,-2.0,-2.0,-3.0,,-2.0,-3.0,-2.0,2.0,-2.0
60339afe243dc403d0e2eab1,robot,2.0,1.0,-1.0,1.0,2.0,,-2.0,1.0,3.0,-1.0
60339afe243dc403d0e2eab1,rock,3.0,2.0,3.0,3.0,3.0,2.0,,1.0,3.0,2.0
60339afe243dc403d0e2eab1,artificial_intelligence,2.0,1.0,-1.0,1.0,2.0,-1.0,-1.0,,3.0,-1.0
60339afe243dc403d0e2eab1,god,-2.0,-3.0,-3.0,-3.0,-2.0,-3.0,-3.0,-3.0,,-3.0
60339afe243dc403d0e2eab1,computer,2.0,1.0,-2.0,2.0,2.0,1.0,-2.0,1.0,3.0,
60e1c5e1e506ceb7e0d46bae,chimpanzee,,-2.0,-2.0,-3.0,-1.0,-3.0,-3.0,-2.0,3.0,-3.0
60e1c5e1e506ceb7e0d46bae,jelly_fish,2.0,,-1.0,-2.0,2.0,-2.0,-3.0,-1.0,3.0,-2.0
60e1c5e1e506ceb7e0d46bae,autonomous_car,2.0,1.0,,-1.0,2.0,-1.0,-1.0,-1.0,3.0,-1.0
60e1c5e1e506ceb7e0d46bae,virus,3.0,2.0,1.0,,3.0,-1.0,-1.0,1.0,3.0,-1.0
60e1c5e1e506ceb7e0d46bae,human,1.0,-2.0,-2.0,-3.0,,-3.0,-3.0,-3.0,3.0,-3.0
60e1c5e1e506ceb7e0d46bae,robot,3.0,2.0,1.0,1.0,3.0,,-1.0,1.0,3.0,1.0
60e1c5e1e506ceb7e0d46bae,rock,3.0,3.0,1.0,1.0,3.0,1.0,,2.0,3.0,1.0
60e1c5e1e506ceb7e0d46bae,artificial_intelligence,2.0,1.0,1.0,-1.0,3.0,-1.0,-2.0,,2.0,-2.0
60e1c5e1e506ceb7e0d46bae,god,-3.0,-3.0,-3.0,-3.0,-3.0,-3.0,-3.0,-2.0,,-3.0
60e1c5e1e506ceb7e0d46bae,computer,3.0,2.0,1.0,1.0,3.0,-1.0,-1.0,2.0,3.0,
6155dbebf281b0d024a1547e,chimpanzee,,-3.0,-3.0,-3.0,3.0,-3.0,-3.0,1.0,-2.0,-3.0
6155dbebf281b0d024a1547e,jelly_fish,3.0,,1.0,1.0,3.0,2.0,-3.0,2.0,-1.0,1.0
6155dbebf281b0d024a1547e,autonomous_car,3.0,-1.0,,-1.0,3.0,-1.0,-1.0,3.0,3.0,1.0
6155dbebf281b0d024a1547e,virus,3.0,-1.0,1.0,,2.0,1.0,-3.0,1.0,2.0,-2.0
6155dbebf281b0d024a1547e,human,-3.0,-3.0,-3.0,-2.0,,-3.0,-3.0,-3.0,-3.0,-3.0
6155dbebf281b0d024a1547e,robot,3.0,-2.0,1.0,-1.0,3.0,,-2.0,2.0,-2.0,-1.0
6155dbebf281b0d024a1547e,rock,3.0,3.0,1.0,3.0,3.0,2.0,,2.0,3.0,2.0
6155dbebf281b0d024a1547e,artificial_intelligence,-1.0,-2.0,-3.0,-1.0,3.0,-2.0,-2.0,,-2.0,-3.0
6155dbebf281b0d024a1547e,god,2.0,1.0,-3.0,-2.0,3.0,2.0,-3.0,2.0,,-1.0
6155dbebf281b0d024a1547e,computer,3.0,-1.0,-1.0,2.0,3.0,1.0,-2.0,3.0,1.0,
60fca702ccf4e75d6baf1fc2,chimpanzee,,-1.0,-3.0,-1.0,1.0,-2.0,-3.0,-3.0,-2.0,-3.0
60fca702ccf4e75d6baf1fc2,jelly_fish,1.0,,-3.0,-1.0,3.0,-3.0,-3.0,-3.0,-3.0,-3.0
60fca702ccf4e75d6baf1fc2,autonomous_car,3.0,3.0,,3.0,3.0,-1.0,-1.0,1.0,2.0,-1.0
60fca702ccf4e75d6baf1fc2,virus,1.0,1.0,-3.0,,1.0,-3.0,-3.0,-3.0,-2.0,-2.0
60fca702ccf4e75d6baf1fc2,human,-1.0,-3.0,-3.0,-1.0,,-3.0,-3.0,-3.0,-2.0,-3.0
60fca702ccf4e75d6baf1fc2,robot,2.0,3.0,1.0,3.0,3.0,,-1.0,1.0,2.0,-1.0
60fca702ccf4e75d6baf1fc2,rock,3.0,3.0,1.0,3.0,3.0,1.0,,1.0,2.0,1.0
60fca702ccf4e75d6baf1fc2,artificial_intelligence,3.0,3.0,-1.0,3.0,3.0,-1.0,-1.0,,2.0,-1.0
60fca702ccf4e75d6baf1fc2,god,2.0,3.0,-2.0,2.0,2.0,-2.0,-2.0,-2.0,,-2.0
60fca702ccf4e75d6baf1fc2,computer,3.0,3.0,1.0,2.0,3.0,1.0,-1.0,1.0,2.0,
6106fd38393f15b301d745d2,chimpanzee,,-2.0,-2.0,-2.0,3.0,-1.0,-3.0,2.0,-3.0,-1.0
6106fd38393f15b301d745d2,jelly_fish,2.0,,-1.0,-1.0,3.0,2.0,-3.0,1.0,-3.0,2.0
6106fd38393f15b301d745d2,autonomous_car,2.0,1.0,,2.0,3.0,1.0,-1.0,2.0,-3.0,2.0
6106fd38393f15b301d745d2,virus,2.0,1.0,-2.0,,3.0,2.0,-2.0,2.0,-3.0,2.0
6106fd38393f15b301d745d2,human,-3.0,-3.0,-3.0,-3.0,,-3.0,-3.0,-3.0,-3.0,-3.0
6106fd38393f15b301d745d2,robot,1.0,-2.0,-1.0,-2.0,3.0,,-2.0,2.0,-3.0,-1.0
6106fd38393f15b301d745d2,rock,3.0,3.0,1.0,2.0,3.0,2.0,,3.0,-3.0,2.0
6106fd38393f15b301d745d2,artificial_intelligence,-2.0,-1.0,-2.0,-2.0,3.0,-2.0,-3.0,,-3.0,-3.0
6106fd38393f15b301d745d2,god,3.0,3.0,3.0,3.0,3.0,3.0,3.0,3.0,,3.0
6106fd38393f15b301d745d2,computer,1.0,-2.0,-2.0,-2.0,3.0,1.0,-2.0,3.0,-3.0,
5e5b08677394743009ffcc8b,chimpanzee,,1.0,-1.0,1.0,2.0,-1.0,-1.0,1.0,1.0,1.0
5e5b08677394743009ffcc8b,jelly_fish,-1.0,,-1.0,2.0,1.0,-2.0,-1.0,1.0,1.0,-2.0
5e5b08677394743009ffcc8b,autonomous_car,1.0,1.0,,1.0,2.0,2.0,1.0,1.0,1.0,2.0
5e5b08677394743009ffcc8b,virus,-1.0,-2.0,-1.0,,1.0,-2.0,-1.0,-1.0,1.0,-2.0
5e5b08677394743009ffcc8b,human,-2.0,-1.0,-2.0,-1.0,,2.0,-2.0,1.0,1.0,-2.0
5e5b08677394743009ffcc8b,robot,1.0,2.0,-2.0,2.0,-2.0,,1.0,2.0,2.0,2.0
5e5b08677394743009ffcc8b,rock,1.0,1.0,-1.0,1.0,2.0,-1.0,,1.0,1.0,-1.0
5e5b08677394743009ffcc8b,artificial_intelligence,-1.0,-1.0,-1.0,1.0,-1.0,-2.0,-1.0,,-2.0,-1.0
5e5b08677394743009ffcc8b,god,-1.0,-1.0,-1.0,-1.0,-1.0,-2.0,-1.0,2.0,,-1.0
5e5b08677394743009ffcc8b,computer,-1.0,2.0,-2.0,2.0,2.0,-2.0,1.0,1.0,1.0,
6090397fdf27ef27909b759c,chimpanzee,,-3.0,2.0,2.0,3.0,2.0,-3.0,3.0,3.0,2.0
6090397fdf27ef27909b759c,jelly_fish,3.0,,3.0,2.0,3.0,2.0,1.0,3.0,3.0,3.0
6090397fdf27ef27909b759c,autonomous_car,-2.0,-3.0,,-3.0,3.0,2.0,-3.0,2.0,-2.0,2.0
6090397fdf27ef27909b759c,virus,-2.0,-2.0,3.0,,3.0,2.0,-3.0,3.0,3.0,-2.0
6090397fdf27ef27909b759c,human,-3.0,-3.0,-3.0,-3.0,,-3.0,-3.0,-3.0,-3.0,-3.0
6090397fdf27ef27909b759c,robot,-2.0,-2.0,-2.0,-2.0,3.0,,-3.0,3.0,3.0,-3.0
6090397fdf27ef27909b759c,rock,3.0,-1.0,3.0,3.0,3.0,3.0,,3.0,3.0,3.0
6090397fdf27ef27909b759c,artificial_intelligence,-3.0,-3.0,-2.0,-3.0,3.0,-3.0,-3.0,,-3.0,-2.0
6090397fdf27ef27909b759c,god,-3.0,-3.0,2.0,-3.0,3.0,-3.0,-3.0,3.0,,3.0
6090397fdf27ef27909b759c,computer,-2.0,-3.0,-2.0,2.0,3.0,3.0,-3.0,2.0,-3.0,
609d83db80dca3574b10fc71,chimpanzee,,-1.0,1.0,-1.0,1.0,1.0,-1.0,1.0,1.0,1.0
609d83db80dca3574b10fc71,jelly_fish,1.0,,1.0,1.0,2.0,1.0,1.0,2.0,1.0,1.0
609d83db80dca3574b10fc71,autonomous_car,-1.0,-1.0,,-1.0,-1.0,-1.0,-2.0,-1.0,-1.0,-1.0
609d83db80dca3574b10fc71,virus,1.0,-1.0,1.0,,1.0,1.0,-1.0,1.0,1.0,1.0
609d83db80dca3574b10fc71,human,-1.0,-2.0,1.0,-1.0,,-1.0,-2.0,-1.0,-1.0,-1.0
609d83db80dca3574b10fc71,robot,-1.0,-1.0,1.0,-1.0,1.0,,-1.0,1.0,1.0,1.0
609d83db80dca3574b10fc71,rock,1.0,-1.0,2.0,1.0,2.0,1.0,,1.0,1.0,2.0
609d83db80dca3574b10fc71,artificial_intelligence,-1.0,-2.0,1.0,-1.0,1.0,-1.0,-1.0,,1.0,1.0
609d83db80dca3574b10fc71,god,-1.0,-1.0,1.0,-1.0,1.0,-1.0,-1.0,-1.0,,1.0
609d83db80dca3574b10fc71,computer,-1.0,-1.0,1.0,-1.0,1.0,-1.0,-2.0,-1.0,-1.0,
5ea352855d02232c906f62d8,chimpanzee,,1.0,1.0,2.0,2.0,2.0,-1.0,2.0,-1.0,2.0
5ea352855d02232c906f62d8,jelly_fish,-1.0,,1.0,2.0,2.0,-1.0,-1.0,1.0,-2.0,2.0
5ea352855d02232c906f62d8,autonomous_car,-1.0,-1.0,,1.0,2.0,2.0,-2.0,2.0,-1.0,2.0
5ea352855d02232c906f62d8,virus,-2.0,-2.0,-1.0,,2.0,-2.0,-2.0,2.0,-2.0,1.0
5ea352855d02232c906f62d8,human,-2.0,-2.0,-2.0,-2.0,,-2.0,-2.0,-2.0,-2.0,-2.0
5ea352855d02232c906f62d8,robot,-2.0,1.0,-2.0,2.0,2.0,,-1.0,2.0,-1.0,1.0
5ea352855d02232c906f62d8,rock,1.0,1.0,2.0,2.0,2.0,1.0,,2.0,1.0,2.0
5ea352855d02232c906f62d8,artificial_intelligence,-2.0,-1.0,-2.0,-2.0,2.0,-2.0,-2.0,,-2.0,-2.0
5ea352855d02232c906f62d8,god,1.0,2.0,1.0,2.0,2.0,1.0,-1.0,2.0,,1.0
5ea352855d02232c906f62d8,computer,-2.0,-2.0,-2.0,-1.0,2.0,-1.0,-2.0,2.0,-1.0,
611d90d349308db31d30014f,chimpanzee,,-2.0,2.0,2.0,-1.0,2.0,-3.0,3.0,2.0,3.0
611d90d349308db31d30014f,jelly_fish,2.0,,2.0,3.0,3.0,3.0,-2.0,3.0,3.0,3.0
611d90d349308db31d30014f,autonomous_car,-2.0,-2.0,,2.0,1.0,2.0,-3.0,3.0,2.0,2.0
611d90d349308db31d30014f,virus,-2.0,-3.0,-2.0,,2.0,-2.0,-3.0,-2.0,-2.0,-2.0
611d90d349308db31d30014f,human,1.0,-3.0,-1.0,-2.0,,-2.0,-3.0,-2.0,-1.0,-2.0
611d90d349308db31d30014f,robot,-2.0,-3.0,-2.0,2.0,2.0,,-1.0,1.0,3.0,-1.0
611d90d349308db31d30014f,rock,3.0,2.0,3.0,3.0,3.0,1.0,,3.0,3.0,3.0
611d90d349308db31d30014f,artificial_intelligence,-3.0,-3.0,-3.0,2.0,2.0,-1.0,-3.0,,2.0,-1.0
611d90d349308db31d30014f,god,-2.0,-3.0,-2.0,2.0,1.0,-3.0,-3.0,-2.0,,-2.0
611d90d349308db31d30014f,computer,-3.0,-3.0,-2.0,2.0,2.0,1.0,-3.0,1.0,2.0,
5fe7b6d7baa7c46725b4e530,chimpanzee,,-2.0,3.0,1.0,2.0,1.0,-3.0,1.0,-1.0,3.0
5fe7b6d7baa7c46725b4e530,jelly_fish,2.0,,3.0,1.0,3.0,3.0,-1.0,3.0,1.0,3.0
5fe7b6d7baa7c46725b4e530,autonomous_car,-3.0,-3.0,,-3.0,1.0,2.0,-3.0,1.0,-3.0,-1.0
5fe7b6d7baa7c46725b4e530,virus,-1.0,-1.0,3.0,,3.0,3.0,-1.0,2.0,1.0,3.0
5fe7b6d7baa7c46725b4e530,human,-2.0,-3.0,-1.0,-3.0,,-3.0,-3.0,-1.0,-3.0,-3.0
5fe7b6d7baa7c46725b4e530,robot,-1.0,-3.0,-2.0,-3.0,3.0,,-3.0,-1.0,-3.0,-2.0
5fe7b6d7baa7c46725b4e530,rock,3.0,1.0,3.0,1.0,3.0,3.0,,3.0,-1.0,3.0
5fe7b6d7baa7c46725b4e530,artificial_intelligence,-1.0,-3.0,-1.0,-2.0,1.0,1.0,-3.0,,-1.0,-1.0
5fe7b6d7baa7c46725b4e530,god,1.0,-1.0,3.0,-1.0,3.0,3.0,1.0,1.0,,3.0
5fe7b6d7baa7c46725b4e530,computer,-3.0,-3.0,1.0,-3.0,3.0,2.0,-3.0,1.0,-3.0,
6063211b7de1f848fb436f5c,chimpanzee,,-2.0,-2.0,-2.0,2.0,-2.0,-2.0,-2.0,-3.0,-2.0
6063211b7de1f848fb436f5c,jelly_fish,2.0,,-2.0,-2.0,2.0,-1.0,-2.0,-2.0,-1.0,-2.0
6063211b7de1f848fb436f5c,autonomous_car,2.0,2.0,,1.0,3.0,1.0,-1.0,2.0,-1.0,2.0
6063211b7de1f848fb436f5c,virus,2.0,2.0,-1.0,,2.0,-1.0,-1.0,1.0,-2.0,-1.0
6063211b7de1f848fb436f5c,human,-2.0,-2.0,-3.0,-2.0,,-2.0,-3.0,-3.0,-3.0,-2.0
6063211b7de1f848fb436f5c,robot,2.0,1.0,-1.0,1.0,2.0,,-1.0,1.0,-1.0,-1.0
6063211b7de1f848fb436f5c,rock,2.0,2.0,1.0,1.0,3.0,1.0,,1.0,-1.0,2.0
6063211b7de1f848fb436f5c,artificial_intelligence,2.0,2.0,-2.0,-1.0,3.0,-1.0,-1.0,,-3.0,-1.0
6063211b7de1f848fb436f5c,god,3.0,1.0,1.0,2.0,3.0,1.0,1.0,3.0,,2.0
6063211b7de1f848fb436f5c,computer,2.0,2.0,-2.0,1.0,2.0,1.0,-2.0,1.0,-2.0,
6106ce151a47f7b687062eea,chimpanzee,,-1.0,2.0,3.0,2.0,2.0,1.0,2.0,2.0,3.0
6106ce151a47f7b687062eea,jelly_fish,1.0,,1.0,3.0,3.0,3.0,2.0,3.0,2.0,2.0
6106ce151a47f7b687062eea,autonomous_car,-2.0,-1.0,,-2.0,2.0,2.0,-2.0,2.0,1.0,2.0
6106ce151a47f7b687062eea,virus,-3.0,-3.0,2.0,,-2.0,-3.0,-3.0,-2.0,-2.0,1.0
6106ce151a47f7b687062eea,human,-2.0,-3.0,-2.0,2.0,,-1.0,-3.0,-1.0,-3.0,-1.0
6106ce151a47f7b687062eea,robot,-2.0,-3.0,-2.0,3.0,1.0,,-2.0,1.0,-2.0,1.0
6106ce151a47f7b687062eea,rock,-1.0,-2.0,2.0,3.0,3.0,2.0,,3.0,2.0,3.0
6106ce151a47f7b687062eea,artificial_intelligence,-2.0,-3.0,-2.0,2.0,1.0,-1.0,-3.0,,-2.0,-3.0
6106ce151a47f7b687062eea,god,-2.0,-2.0,-1.0,2.0,3.0,2.0,-2.0,2.0,,1.0
6106ce151a47f7b687062eea,computer,-3.0,-2.0,-2.0,-1.0,1.0,-1.0,-3.0,3.0,-1.0,
5eaf0e378f26940719d2b02e,chimpanzee,,-1.0,1.0,1.0,2.0,1.0,-1.0,1.0,-1.0,3.0
5eaf0e378f26940719d2b02e,jelly_fish,1.0,,1.0,2.0,2.0,2.0,-1.0,1.0,1.0,3.0
5eaf0e378f26940719d2b02e,autonomous_car,-1.0,-1.0,,-2.0,2.0,1.0,-1.0,1.0,-1.0,1.0
5eaf0e378f26940719d2b02e,virus,-1.0,-2.0,2.0,,2.0,1.0,-3.0,1.0,-1.0,1.0
5eaf0e378f26940719d2b02e,human,-2.0,-2.0,-2.0,-2.0,,-1.0,-2.0,1.0,-2.0,3.0
5eaf0e378f26940719d2b02e,robot,-1.0,-2.0,-1.0,-1.0,1.0,,-1.0,1.0,-2.0,3.0
5eaf0e378f26940719d2b02e,rock,1.0,1.0,1.0,3.0,2.0,1.0,,3.0,1.0,1.0
5eaf0e378f26940719d2b02e,artificial_intelligence,-1.0,-1.0,-1.0,-1.0,-1.0,-1.0,-3.0,,-2.0,1.0
5eaf0e378f26940719d2b02e,god,1.0,-1.0,1.0,1.0,2.0,2.0,-1.0,2.0,,1.0
5eaf0e378f26940719d2b02e,computer,-3.0,-3.0,-1.0,-1.0,-3.0,-3.0,-1.0,-1.0,-1.0,
6143273ed573af378dd0a0cb,chimpanzee,,-2.0,-1.0,-3.0,3.0,-1.0,-3.0,-1.0,-3.0,1.0
6143273ed573af378dd0a0cb,jelly_fish,2.0,,1.0,-1.0,3.0,1.0,-3.0,2.0,-3.0,2.0
6143273ed573af378dd0a0cb,autonomous_car,1.0,-1.0,,-2.0,3.0,-1.0,-3.0,1.0,-3.0,-1.0
6143273ed573af378dd0a0cb,virus,3.0,1.0,2.0,,1.0,2.0,-3.0,2.0,-3.0,2.0
6143273ed573af378dd0a0cb,human,-3.0,-3.0,-3.0,-1.0,,-3.0,-3.0,-1.0,-3.0,-3.0
6143273ed573af378dd0a0cb,robot,1.0,-1.0,1.0,-2.0,3.0,,-3.0,-1.0,-3.0,-1.0
6143273ed573af378dd0a0cb,rock,3.0,3.0,3.0,3.0,3.0,3.0,,3.0,-3.0,3.0
6143273ed573af378dd0a0cb,artificial_intelligence,1.0,-2.0,-1.0,-2.0,1.0,1.0,-3.0,,-3.0,-1.0
6143273ed573af378dd0a0cb,god,3.0,3.0,3.0,3.0,3.0,3.0,3.0,3.0,,3.0
6143273ed573af378dd0a0cb,computer,-1.0,-2.0,1.0,-2.0,3.0,1.0,-3.0,1.0,-3.0,
60399236302d0732bdb88541,chimpanzee,,-3.0,-2.0,-1.0,2.0,1.0,-3.0,1.0,-1.0,-2.0
60399236302d0732bdb88541,jelly_fish,3.0,,2.0,3.0,3.0,2.0,-2.0,2.0,3.0,2.0
60399236302d0732bdb88541,autonomous_car,2.0,-2.0,,2.0,3.0,2.0,-1.0,2.0,2.0,1.0
60399236302d0732bdb88541,virus,1.0,-3.0,-2.0,,3.0,-2.0,-1.0,-2.0,-1.0,-3.0
60399236302d0732bdb88541,human,-2.0,-3.0,-3.0,-3.0,,-2.0,-3.0,-2.0,-3.0,-3.0
60399236302d0732bdb88541,robot,-1.0,-2.0,-2.0,2.0,2.0,,-2.0,2.0,1.0,-2.0
60399236302d0732bdb88541,rock,3.0,2.0,1.0,1.0,3.0,2.0,,3.0,3.0,2.0
60399236302d0732bdb88541,artificial_intelligence,-1.0,-2.0,-2.0,2.0,2.0,-2.0,-3.0,,2.0,-3.0
60399236302d0732bdb88541,god,1.0,-3.0,-2.0,1.0,3.0,-1.0,-3.0,-2.0,,-3.0
60399236302d0732bdb88541,computer,2.0,-2.0,-1.0,3.0,3.0,2.0,-2.0,3.0,3.0,
614d9ea7c87980229c834d21,chimpanzee,,-1.0,2.0,-1.0,-3.0,-1.0,-1.0,-3.0,3.0,2.0
614d9ea7c87980229c834d21,jelly_fish,1.0,,2.0,1.0,2.0,3.0,1.0,2.0,2.0,1.0
614d9ea7c87980229c834d21,autonomous_car,-2.0,-2.0,,-2.0,2.0,2.0,-2.0,2.0,2.0,2.0
614d9ea7c87980229c834d21,virus,1.0,-1.0,2.0,,-1.0,-1.0,-1.0,-1.0,3.0,-1.0
614d9ea7c87980229c834d21,human,3.0,-2.0,-2.0,1.0,,-3.0,-3.0,-3.0,-2.0,2.0
614d9ea7c87980229c834d21,robot,1.0,-3.0,-2.0,1.0,3.0,,-1.0,-1.0,3.0,2.0
614d9ea7c87980229c834d21,rock,1.0,-1.0,2.0,1.0,3.0,1.0,,2.0,1.0,1.0
614d9ea7c87980229c834d21,artificial_intelligence,3.0,-2.0,-2.0,1.0,3.0,1.0,-2.0,,3.0,-1.0
614d9ea7c87980229c834d21,god,-3.0,-2.0,-2.0,-3.0,2.0,-3.0,-1.0,-3.0,,-1.0
614d9ea7c87980229c834d21,computer,-2.0,-1.0,-2.0,1.0,-2.0,-2.0,-1.0,1.0,1.0,
607de1d480f76e94ffb6e0ab,chimpanzee,,-3.0,-3.0,-3.0,3.0,-3.0,-3.0,-3.0,1.0,-3.0
607de1d480f76e94ffb6e0ab,jelly_fish,3.0,,-3.0,-3.0,3.0,-3.0,-2.0,-3.0,-1.0,-3.0
607de1d480f76e94ffb6e0ab,autonomous_car,3.0,3.0,,1.0,3.0,-1.0,-1.0,3.0,3.0,1.0
607de1d480f76e94ffb6e0ab,virus,3.0,3.0,-1.0,,3.0,-1.0,-1.0,1.0,3.0,-1.0
607de1d480f76e94ffb6e0ab,human,-3.0,-3.0,-3.0,-3.0,,-3.0,-3.0,-3.0,-2.0,-3.0
607de1d480f76e94ffb6e0ab,robot,3.0,3.0,1.0,1.0,3.0,,-1.0,1.0,3.0,1.0
607de1d480f76e94ffb6e0ab,rock,3.0,2.0,1.0,1.0,3.0,1.0,,3.0,3.0,1.0
607de1d480f76e94ffb6e0ab,artificial_intelligence,3.0,3.0,-3.0,-1.0,3.0,-1.0,-3.0,,3.0,-1.0
607de1d480f76e94ffb6e0ab,god,-1.0,1.0,-3.0,-3.0,2.0,-3.0,-3.0,-3.0,,-3.0
607de1d480f76e94ffb6e0ab,computer,3.0,3.0,-1.0,1.0,3.0,-1.0,-1.0,1.0,3.0,
5d20e2135278fa00014814c0,chimpanzee,,-3.0,-1.0,-1.0,2.0,-3.0,-3.0,-1.0,3.0,-1.0
5d20e2135278fa00014814c0,jelly_fish,3.0,,2.0,3.0,3.0,2.0,1.0,3.0,3.0,2.0
5d20e2135278fa00014814c0,autonomous_car,1.0,-2.0,,1.0,3.0,-1.0,-2.0,2.0,3.0,1.0
5d20e2135278fa00014814c0,virus,1.0,-3.0,-1.0,,3.0,-1.0,-3.0,1.0,3.0,1.0
5d20e2135278fa00014814c0,human,-2.0,-3.0,-3.0,-3.0,,-3.0,-3.0,-3.0,3.0,-3.0
5d20e2135278fa00014814c0,robot,3.0,-2.0,1.0,1.0,3.0,,-3.0,2.0,3.0,-1.0
5d20e2135278fa00014814c0,rock,3.0,-1.0,2.0,3.0,3.0,3.0,,3.0,3.0,3.0
5d20e2135278fa00014814c0,artificial_intelligence,1.0,-3.0,-2.0,-1.0,3.0,-2.0,-3.0,,3.0,-2.0
5d20e2135278fa00014814c0,god,-3.0,-3.0,-3.0,-3.0,-3.0,-3.0,-3.0,-3.0,,-3.0
5d20e2135278fa00014814c0,computer,1.0,-2.0,-1.0,-1.0,3.0,1.0,-3.0,2.0,3.0,
60fb0cd3aa10c5ef5100190b,chimpanzee,,-2.0,-2.0,-1.0,1.0,1.0,-3.0,-2.0,-1.0,-1.0
60fb0cd3aa10c5ef5100190b,jelly_fish,2.0,,-1.0,1.0,3.0,1.0,-1.0,2.0,1.0,2.0
60fb0cd3aa10c5ef5100190b,autonomous_car,2.0,1.0,,2.0,3.0,-2.0,-2.0,-1.0,-2.0,-1.0
60fb0cd3aa10c5ef5100190b,virus,1.0,-1.0,-2.0,,-2.0,-2.0,-3.0,-2.0,1.0,1.0
60fb0cd3aa10c5ef5100190b,human,-1.0,-3.0,-3.0,2.0,,-2.0,-3.0,-2.0,-1.0,-2.0
60fb0cd3aa10c5ef5100190b,robot,-1.0,-1.0,2.0,2.0,2.0,,-2.0,2.0,1.0,2.0
60fb0cd3aa10c5ef5100190b,rock,3.0,1.0,2.0,3.0,3.0,2.0,,2.0,3.0,2.0
60fb0cd3aa10c5ef5100190b,artificial_intelligence,2.0,-2.0,1.0,2.0,2.0,-2.0,-2.0,,-2.0,-2.0
60fb0cd3aa10c5ef5100190b,god,1.0,-1.0,2.0,-1.0,1.0,-1.0,-3.0,2.0,,1.0
60fb0cd3aa10c5ef5100190b,computer,1.0,-2.0,1.0,-1.0,2.0,-2.0,-2.0,2.0,-1.0,
611e3c4f4eae320e94284ea7,chimpanzee,,-3.0,-3.0,3.0,-1.0,-3.0,-3.0,3.0,3.0,3.0
611e3c4f4eae320e94284ea7,jelly_fish,3.0,,3.0,3.0,3.0,2.0,-3.0,-3.0,3.0,2.0
611e3c4f4eae320e94284ea7,autonomous_car,3.0,-3.0,,-3.0,-3.0,3.0,-3.0,3.0,-3.0,3.0
611e3c4f4eae320e94284ea7,virus,-3.0,-3.0,3.0,,3.0,-3.0,-2.0,3.0,-3.0,-3.0
611e3c4f4eae320e94284ea7,human,1.0,-3.0,3.0,-3.0,,3.0,-3.0,-3.0,-3.0,-3.0
611e3c4f4eae320e94284ea7,robot,3.0,-2.0,-3.0,3.0,-3.0,,-3.0,3.0,-3.0,3.0
611e3c4f4eae320e94284ea7,rock,3.0,3.0,3.0,2.0,3.0,3.0,,3.0,-3.0,3.0
611e3c4f4eae320e94284ea7,artificial_intelligence,-3.0,3.0,-3.0,-3.0,3.0,-3.0,-3.0,,-3.0,3.0
611e3c4f4eae320e94284ea7,god,-3.0,-3.0,3.0,3.0,3.0,3.0,3.0,3.0,,3.0
611e3c4f4eae320e94284ea7,computer,-3.0,-2.0,-3.0,3.0,3.0,-3.0,-3.0,-3.0,-3.0,
